O_ORDERKEY,O_CUSTKEY,O_ORDERSTATUS,O_TOTALPRICE,O_ORDERDATE,O_ORDERPRIORITY,O_CLERK
22403,52795,O,163530.96,1998-08-01,3-MEDIUM,Clerk#000000054
27588,56479,O,37468.10,1998-08-01,3-MEDIUM,Clerk#000000967
37735,86446,O,37428.68,1998-08-01,3-MEDIUM,Clerk#000000919
57637,111394,O,78129.83,1998-08-01,1-URGENT,Clerk#000000383
59527,122731,O,237851.23,1998-08-01,1-URGENT,Clerk#000000212
75744,72418,O,115916.18,1998-08-01,5-LOW,Clerk#000000138
76032,137374,O,179494.02,1998-08-01,1-URGENT,Clerk#000000979
77315,95590,O,127466.07,1998-08-01,4-NOT SPECIFIED,Clerk#000000889
78501,82169,O,154878.82,1998-08-01,5-LOW,Clerk#000000077
87015,87086,O,56271.12,1998-08-01,5-LOW,Clerk#000000404
88485,12004,O,226562.80,1998-08-01,3-MEDIUM,Clerk#000000660
103683,95716,O,62495.56,1998-08-01,1-URGENT,Clerk#000000721
123682,12817,O,198421.82,1998-08-01,3-MEDIUM,Clerk#000000434
129505,117662,O,45911.81,1998-08-01,2-HIGH,Clerk#000000773
152647,37501,O,195716.84,1998-08-01,1-URGENT,Clerk#000000992
157026,52298,O,68158.93,1998-08-01,4-NOT SPECIFIED,Clerk#000000449
176228,63194,O,223664.52,1998-08-01,5-LOW,Clerk#000000497
187847,35227,O,66487.59,1998-08-01,5-LOW,Clerk#000000141
192901,7709,O,92365.51,1998-08-01,2-HIGH,Clerk#000000907
212006,107365,O,294624.64,1998-08-01,1-URGENT,Clerk#000000627
234215,24736,O,36834.07,1998-08-01,1-URGENT,Clerk#000000484
278053,50911,O,232667.17,1998-08-01,3-MEDIUM,Clerk#000000042
283106,141550,O,173076.26,1998-08-01,2-HIGH,Clerk#000000239
298752,28586,O,112792.25,1998-08-01,3-MEDIUM,Clerk#000000281
299398,142112,O,301771.00,1998-08-01,5-LOW,Clerk#000000614
299747,119080,O,199494.79,1998-08-01,1-URGENT,Clerk#000000854
301187,123889,O,97422.88,1998-08-01,3-MEDIUM,Clerk#000000012
312259,10138,O,113724.48,1998-08-01,2-HIGH,Clerk#000000246
313830,109894,O,124237.43,1998-08-01,2-HIGH,Clerk#000000301
320326,38986,O,24049.28,1998-08-01,3-MEDIUM,Clerk#000000770
327747,65080,O,192934.38,1998-08-01,2-HIGH,Clerk#000000904
331399,79973,O,29115.30,1998-08-01,3-MEDIUM,Clerk#000000419
343559,10091,O,169461.01,1998-08-01,4-NOT SPECIFIED,Clerk#000000322
394946,120922,O,184578.74,1998-08-01,3-MEDIUM,Clerk#000000898
407044,144667,O,66488.18,1998-08-01,3-MEDIUM,Clerk#000000455
417637,147439,O,60498.03,1998-08-01,2-HIGH,Clerk#000000123
431425,55565,O,46343.72,1998-08-01,3-MEDIUM,Clerk#000000161
432162,81814,O,88537.95,1998-08-01,1-URGENT,Clerk#000000425
432227,69241,O,181683.09,1998-08-01,1-URGENT,Clerk#000000382
452128,1073,O,129168.00,1998-08-01,5-LOW,Clerk#000000350
452484,17992,O,392394.17,1998-08-01,4-NOT SPECIFIED,Clerk#000000877
460646,91480,O,237422.99,1998-08-01,2-HIGH,Clerk#000000628
466310,79184,O,223745.74,1998-08-01,2-HIGH,Clerk#000000400
467651,136819,O,67143.33,1998-08-01,4-NOT SPECIFIED,Clerk#000000889
468131,110536,O,223406.94,1998-08-01,2-HIGH,Clerk#000000282
496612,48983,O,219747.14,1998-08-01,5-LOW,Clerk#000000565
497153,99263,O,130556.46,1998-08-01,2-HIGH,Clerk#000000039
501921,81466,O,328195.04,1998-08-01,5-LOW,Clerk#000000216
506023,63673,O,102312.81,1998-08-01,5-LOW,Clerk#000000889
507782,52534,O,143675.45,1998-08-01,4-NOT SPECIFIED,Clerk#000000278
541702,9142,O,132787.49,1998-08-01,1-URGENT,Clerk#000000338
547622,99976,O,301135.16,1998-08-01,1-URGENT,Clerk#000000479
548870,64885,O,279815.38,1998-08-01,5-LOW,Clerk#000000347
554339,57388,O,54979.85,1998-08-01,4-NOT SPECIFIED,Clerk#000000633
560675,82771,O,22345.35,1998-08-01,4-NOT SPECIFIED,Clerk#000000906
573573,54727,O,165205.83,1998-08-01,4-NOT SPECIFIED,Clerk#000000191
579751,48710,O,15616.72,1998-08-01,2-HIGH,Clerk#000000595
586374,141431,O,31912.33,1998-08-01,2-HIGH,Clerk#000000728
594438,71129,O,359149.24,1998-08-01,5-LOW,Clerk#000000285
5421061,55595,O,195746.80,1998-08-01,5-LOW,Clerk#000000670
5443904,147128,O,17921.87,1998-08-01,4-NOT SPECIFIED,Clerk#000000844
5472193,35024,O,90981.68,1998-08-01,2-HIGH,Clerk#000000647
5482563,26233,O,44595.89,1998-08-01,5-LOW,Clerk#000000639
5487172,80275,O,213318.40,1998-08-01,5-LOW,Clerk#000000816
5491431,54653,O,129043.65,1998-08-01,1-URGENT,Clerk#000000054
5496545,99680,O,40985.67,1998-08-01,5-LOW,Clerk#000000156
5501346,144152,O,297631.68,1998-08-01,2-HIGH,Clerk#000000665
5502052,101530,O,51966.39,1998-08-01,4-NOT SPECIFIED,Clerk#000000036
5503143,36742,O,244991.91,1998-08-01,1-URGENT,Clerk#000000079
5533411,46241,O,32681.99,1998-08-01,4-NOT SPECIFIED,Clerk#000000269
5536291,2245,O,144018.73,1998-08-01,4-NOT SPECIFIED,Clerk#000000354
5540198,91057,O,247765.10,1998-08-01,2-HIGH,Clerk#000000060
5540647,129938,O,119620.77,1998-08-01,1-URGENT,Clerk#000000641
5579363,134128,O,244567.84,1998-08-01,1-URGENT,Clerk#000000058
5583750,31225,O,142311.57,1998-08-01,2-HIGH,Clerk#000000151
5588103,79861,O,48285.60,1998-08-01,1-URGENT,Clerk#000000762
5596037,145516,O,270176.39,1998-08-01,4-NOT SPECIFIED,Clerk#000000353
5609029,149536,O,94456.71,1998-08-01,3-MEDIUM,Clerk#000000575
5640736,86099,O,81281.08,1998-08-01,1-URGENT,Clerk#000000195
5653600,13099,O,169874.56,1998-08-01,4-NOT SPECIFIED,Clerk#000000085
5657446,43067,O,196781.59,1998-08-01,2-HIGH,Clerk#000000871
5666144,57337,O,300237.17,1998-08-01,3-MEDIUM,Clerk#000000985
5676068,122483,O,195381.07,1998-08-01,3-MEDIUM,Clerk#000000777
5701223,146672,O,151071.49,1998-08-01,5-LOW,Clerk#000000373
5707686,135299,O,81640.06,1998-08-01,3-MEDIUM,Clerk#000000282
5709920,77755,O,35239.16,1998-08-01,5-LOW,Clerk#000000327
5712068,60901,O,120894.47,1998-08-01,1-URGENT,Clerk#000000469
5714017,115597,O,215351.46,1998-08-01,1-URGENT,Clerk#000000738
5732738,7586,O,262899.54,1998-08-01,1-URGENT,Clerk#000000901
5736000,118435,O,48144.70,1998-08-01,1-URGENT,Clerk#000000496
5749379,71435,O,100395.44,1998-08-01,4-NOT SPECIFIED,Clerk#000000939
5777252,32807,O,386548.19,1998-08-01,4-NOT SPECIFIED,Clerk#000000519
5790851,62618,O,72613.28,1998-08-01,3-MEDIUM,Clerk#000000350
5790886,63292,O,269043.77,1998-08-01,4-NOT SPECIFIED,Clerk#000000684
5799237,17332,O,66387.08,1998-08-01,1-URGENT,Clerk#000000049
5801955,73339,O,168992.60,1998-08-01,4-NOT SPECIFIED,Clerk#000000697
5802529,74785,O,48217.61,1998-08-01,2-HIGH,Clerk#000000304
5811360,137765,O,140809.92,1998-08-01,1-URGENT,Clerk#000000029
5828359,99850,O,348497.68,1998-08-01,5-LOW,Clerk#000000700
5834304,49828,O,167055.42,1998-08-01,4-NOT SPECIFIED,Clerk#000000343
5836000,62776,O,89858.31,1998-08-01,5-LOW,Clerk#000000985
5842983,24188,O,20436.51,1998-08-01,4-NOT SPECIFIED,Clerk#000000047
5858720,61117,O,430942.94,1998-08-01,3-MEDIUM,Clerk#000000488
5869031,132937,O,60855.96,1998-08-01,4-NOT SPECIFIED,Clerk#000000741
5892545,31793,O,366141.39,1998-08-01,4-NOT SPECIFIED,Clerk#000000545
5901315,25090,O,78072.19,1998-08-01,2-HIGH,Clerk#000000475
5910693,24205,O,314123.37,1998-08-01,2-HIGH,Clerk#000000132
5937379,23144,O,70141.20,1998-08-01,4-NOT SPECIFIED,Clerk#000000271
5939139,23822,O,222506.74,1998-08-01,5-LOW,Clerk#000000413
5969766,141659,O,327293.67,1998-08-01,2-HIGH,Clerk#000000887
5971239,43669,O,14302.82,1998-08-01,3-MEDIUM,Clerk#000000866
5975844,121397,O,13308.51,1998-08-01,3-MEDIUM,Clerk#000000849
3601572,8120,O,295179.00,1998-08-01,1-URGENT,Clerk#000000731
3607367,65683,O,149736.53,1998-08-01,4-NOT SPECIFIED,Clerk#000000431
3617575,2368,O,62118.46,1998-08-01,1-URGENT,Clerk#000000360
3619364,57775,O,37436.39,1998-08-01,4-NOT SPECIFIED,Clerk#000000105
3630816,90664,O,66637.37,1998-08-01,2-HIGH,Clerk#000000798
3679621,46672,O,212219.19,1998-08-01,4-NOT SPECIFIED,Clerk#000000241
3690691,42421,O,370307.15,1998-08-01,3-MEDIUM,Clerk#000000064
3696998,53620,O,179957.85,1998-08-01,5-LOW,Clerk#000000472
3711556,77446,O,50321.75,1998-08-01,1-URGENT,Clerk#000000480
3711973,88687,O,41885.60,1998-08-01,3-MEDIUM,Clerk#000000637
3724864,137686,O,6995.72,1998-08-01,4-NOT SPECIFIED,Clerk#000000138
3726849,149129,O,132347.20,1998-08-01,5-LOW,Clerk#000000192
3731207,94174,O,215191.00,1998-08-01,5-LOW,Clerk#000000808
3755265,105967,O,25118.23,1998-08-01,4-NOT SPECIFIED,Clerk#000000494
3770819,149056,O,142173.24,1998-08-01,3-MEDIUM,Clerk#000000321
3797283,133927,O,175764.84,1998-08-01,4-NOT SPECIFIED,Clerk#000000042
3807782,35702,O,301241.13,1998-08-01,4-NOT SPECIFIED,Clerk#000000790
3813575,128599,O,324020.77,1998-08-01,2-HIGH,Clerk#000000955
3822756,107393,O,222241.26,1998-08-01,1-URGENT,Clerk#000000604
3825254,122008,O,330681.26,1998-08-01,4-NOT SPECIFIED,Clerk#000000826
3834661,44227,O,269684.38,1998-08-01,1-URGENT,Clerk#000000066
3836612,72739,O,186567.67,1998-08-01,3-MEDIUM,Clerk#000000280
3843460,56444,O,225777.95,1998-08-01,3-MEDIUM,Clerk#000000237
3846179,7012,O,59429.90,1998-08-01,5-LOW,Clerk#000000882
3853412,49322,O,142530.85,1998-08-01,4-NOT SPECIFIED,Clerk#000000838
3854240,134743,O,175561.04,1998-08-01,3-MEDIUM,Clerk#000000394
3854403,29006,O,150748.66,1998-08-01,2-HIGH,Clerk#000000142
3862016,52247,O,197679.74,1998-08-01,4-NOT SPECIFIED,Clerk#000000452
3869925,76903,O,378379.46,1998-08-01,2-HIGH,Clerk#000000933
3876963,105043,O,182387.16,1998-08-01,4-NOT SPECIFIED,Clerk#000000577
3881252,120316,O,235301.95,1998-08-01,4-NOT SPECIFIED,Clerk#000000765
3890081,29087,O,183722.16,1998-08-01,3-MEDIUM,Clerk#000000593
3898786,143357,O,27088.11,1998-08-01,5-LOW,Clerk#000000590
3902724,146959,O,209277.12,1998-08-01,4-NOT SPECIFIED,Clerk#000000685
3914177,42466,O,37825.58,1998-08-01,5-LOW,Clerk#000000225
3956102,80350,O,190154.25,1998-08-01,2-HIGH,Clerk#000000302
3965861,8926,O,154689.45,1998-08-01,3-MEDIUM,Clerk#000000054
3968452,22097,O,186118.22,1998-08-01,1-URGENT,Clerk#000000697
3969858,144034,O,69588.10,1998-08-01,2-HIGH,Clerk#000000154
3983143,24490,O,76957.35,1998-08-01,5-LOW,Clerk#000000792
3984932,32576,O,188671.27,1998-08-01,1-URGENT,Clerk#000000297
3990560,15013,O,296238.74,1998-08-01,1-URGENT,Clerk#000000871
4016676,94543,O,198444.42,1998-08-01,3-MEDIUM,Clerk#000000232
4070086,47698,O,220792.12,1998-08-01,1-URGENT,Clerk#000000070
4072167,53815,O,52346.45,1998-08-01,1-URGENT,Clerk#000000515
4077952,71665,O,277241.70,1998-08-01,1-URGENT,Clerk#000000032
4078016,56815,O,48835.13,1998-08-01,2-HIGH,Clerk#000000927
4082311,2050,O,145774.56,1998-08-01,5-LOW,Clerk#000000962
4087744,63572,O,103884.27,1998-08-01,2-HIGH,Clerk#000000289
4094082,117673,O,175685.66,1998-08-01,3-MEDIUM,Clerk#000000885
4099106,90922,O,266298.00,1998-08-01,1-URGENT,Clerk#000000997
4099780,1315,O,239132.54,1998-08-01,2-HIGH,Clerk#000000115
4105890,7987,O,269250.69,1998-08-01,1-URGENT,Clerk#000000585
4112099,74686,O,35106.71,1998-08-01,3-MEDIUM,Clerk#000000750
4119879,148768,O,206925.42,1998-08-01,3-MEDIUM,Clerk#000000779
4124867,37498,O,279878.87,1998-08-01,5-LOW,Clerk#000000763
4134690,26140,O,80431.00,1998-08-01,3-MEDIUM,Clerk#000000325
4146117,116216,O,92374.30,1998-08-01,1-URGENT,Clerk#000000698
4147968,83395,O,96289.55,1998-08-01,1-URGENT,Clerk#000000261
4161734,17141,O,157878.51,1998-08-01,1-URGENT,Clerk#000000098
4163872,114535,O,185887.47,1998-08-01,1-URGENT,Clerk#000000482
4164167,59984,O,30376.84,1998-08-01,2-HIGH,Clerk#000000352
4166692,66359,O,168018.85,1998-08-01,2-HIGH,Clerk#000000261
4172196,98671,O,287895.13,1998-08-01,3-MEDIUM,Clerk#000000192
4174119,16582,O,46417.50,1998-08-01,3-MEDIUM,Clerk#000000935
4198502,122333,O,230901.57,1998-08-01,4-NOT SPECIFIED,Clerk#000000977
3017991,104897,O,162261.89,1998-08-01,1-URGENT,Clerk#000000348
3045024,135439,O,287030.61,1998-08-01,5-LOW,Clerk#000000052
3058497,97546,O,200822.51,1998-08-01,5-LOW,Clerk#000000910
3060705,90455,O,218957.91,1998-08-01,2-HIGH,Clerk#000000331
3074181,72736,O,164714.74,1998-08-01,4-NOT SPECIFIED,Clerk#000000353
3082566,6844,O,90303.57,1998-08-01,2-HIGH,Clerk#000000255
3083459,45001,O,144220.21,1998-08-01,5-LOW,Clerk#000000752
3095333,17737,O,255085.33,1998-08-01,3-MEDIUM,Clerk#000000340
3101572,134887,O,132782.86,1998-08-01,1-URGENT,Clerk#000000623
3105600,43813,O,162955.92,1998-08-01,5-LOW,Clerk#000000444
3107490,115394,O,184369.15,1998-08-01,3-MEDIUM,Clerk#000000244
3126721,110495,O,109620.42,1998-08-01,5-LOW,Clerk#000000964
3134885,131176,O,260114.72,1998-08-01,4-NOT SPECIFIED,Clerk#000000817
3145890,66652,O,66833.05,1998-08-01,1-URGENT,Clerk#000000629
3147874,61531,O,88567.62,1998-08-01,2-HIGH,Clerk#000000678
3152452,115639,O,257319.39,1998-08-01,1-URGENT,Clerk#000000753
3155427,6206,O,277396.32,1998-08-01,5-LOW,Clerk#000000513
3203941,53930,O,88475.10,1998-08-01,2-HIGH,Clerk#000000099
3212481,19156,O,97354.19,1998-08-01,2-HIGH,Clerk#000000136
3216166,100474,O,104244.89,1998-08-01,5-LOW,Clerk#000000350
3220960,19016,O,195899.67,1998-08-01,1-URGENT,Clerk#000000880
3221826,101062,O,329120.94,1998-08-01,2-HIGH,Clerk#000000324
3227110,9926,O,210433.94,1998-08-01,3-MEDIUM,Clerk#000000219
3227845,74515,O,26032.56,1998-08-01,1-URGENT,Clerk#000000462
3229409,69821,O,356462.19,1998-08-01,1-URGENT,Clerk#000000769
3230560,115876,O,203083.78,1998-08-01,1-URGENT,Clerk#000000297
3233223,104054,O,202847.29,1998-08-01,1-URGENT,Clerk#000000534
3259040,146467,O,172687.99,1998-08-01,1-URGENT,Clerk#000000787
3270149,19429,O,188288.76,1998-08-01,3-MEDIUM,Clerk#000000538
3288672,92945,O,194761.72,1998-08-01,4-NOT SPECIFIED,Clerk#000000697
3296038,26461,O,34169.61,1998-08-01,5-LOW,Clerk#000000586
3301090,15859,O,298570.60,1998-08-01,1-URGENT,Clerk#000000300
3317891,144812,O,143271.77,1998-08-01,1-URGENT,Clerk#000000896
3327619,109822,O,177775.03,1998-08-01,3-MEDIUM,Clerk#000000612
3344932,136591,O,107562.15,1998-08-01,5-LOW,Clerk#000000980
3349345,144413,O,219666.59,1998-08-01,4-NOT SPECIFIED,Clerk#000000661
3369248,15418,O,338986.28,1998-08-01,5-LOW,Clerk#000000831
3395009,74947,O,71853.69,1998-08-01,2-HIGH,Clerk#000000215
3396898,52160,O,200538.20,1998-08-01,4-NOT SPECIFIED,Clerk#000000459
3417540,80509,O,174168.46,1998-08-01,4-NOT SPECIFIED,Clerk#000000267
3436352,9743,O,174563.28,1998-08-01,5-LOW,Clerk#000000553
3444390,78188,O,2705.82,1998-08-01,2-HIGH,Clerk#000000043
3445059,63115,O,137099.89,1998-08-01,4-NOT SPECIFIED,Clerk#000000257
3451076,25645,O,113945.03,1998-08-01,1-URGENT,Clerk#000000849
3459937,99700,O,65184.85,1998-08-01,4-NOT SPECIFIED,Clerk#000000333
3465989,35323,O,37388.11,1998-08-01,2-HIGH,Clerk#000000034
3480964,127726,O,235077.00,1998-08-01,2-HIGH,Clerk#000000687
3481412,49735,O,108451.11,1998-08-01,2-HIGH,Clerk#000000414
3483879,44920,O,125069.03,1998-08-01,1-URGENT,Clerk#000000329
3492259,130285,O,49153.62,1998-08-01,2-HIGH,Clerk#000000364
3516288,56686,O,250699.08,1998-08-01,3-MEDIUM,Clerk#000000085
3519047,124877,O,209814.24,1998-08-01,3-MEDIUM,Clerk#000000735
3523008,114376,O,131444.02,1998-08-01,4-NOT SPECIFIED,Clerk#000000618
3526755,16972,O,183849.31,1998-08-01,3-MEDIUM,Clerk#000000122
3526758,11026,O,102347.01,1998-08-01,1-URGENT,Clerk#000000653
3527584,5017,O,224722.26,1998-08-01,3-MEDIUM,Clerk#000000159
3541184,63823,O,52342.51,1998-08-01,2-HIGH,Clerk#000000871
3541604,89005,O,244828.01,1998-08-01,3-MEDIUM,Clerk#000000384
3547712,105359,O,104206.53,1998-08-01,2-HIGH,Clerk#000000389
3554405,109786,O,279306.27,1998-08-01,4-NOT SPECIFIED,Clerk#000000167
3554694,139717,O,134601.93,1998-08-01,1-URGENT,Clerk#000000692
3559205,17275,O,122400.21,1998-08-01,5-LOW,Clerk#000000730
3566784,73193,O,105482.88,1998-08-01,3-MEDIUM,Clerk#000000522
3572066,139252,O,246707.12,1998-08-01,1-URGENT,Clerk#000000238
3577024,78625,O,1466.22,1998-08-01,3-MEDIUM,Clerk#000000237
3597633,10738,O,16227.67,1998-08-01,1-URGENT,Clerk#000000213
1201888,145864,O,330078.87,1998-08-01,4-NOT SPECIFIED,Clerk#000000526
1218118,121427,O,218944.26,1998-08-01,3-MEDIUM,Clerk#000000540
1223200,90179,O,113223.20,1998-08-01,1-URGENT,Clerk#000000700
1231874,27082,O,317213.55,1998-08-01,2-HIGH,Clerk#000000290
1236355,142075,O,272006.51,1998-08-01,5-LOW,Clerk#000000655
1238051,88474,O,228235.08,1998-08-01,2-HIGH,Clerk#000000077
1245347,111421,O,44361.39,1998-08-01,4-NOT SPECIFIED,Clerk#000000579
1252481,24481,O,68678.34,1998-08-01,5-LOW,Clerk#000000544
1252673,81796,O,251670.16,1998-08-01,3-MEDIUM,Clerk#000000240
1262566,97261,O,93973.72,1998-08-01,4-NOT SPECIFIED,Clerk#000000030
1270279,80170,O,118171.79,1998-08-01,4-NOT SPECIFIED,Clerk#000000077
1291907,110303,O,239494.97,1998-08-01,2-HIGH,Clerk#000000316
1301408,142736,O,52179.69,1998-08-01,1-URGENT,Clerk#000000667
1320388,100570,O,257181.41,1998-08-01,1-URGENT,Clerk#000000591
1337191,77221,O,26752.23,1998-08-01,1-URGENT,Clerk#000000763
1361156,57457,O,231762.66,1998-08-01,2-HIGH,Clerk#000000330
1361191,99278,O,176118.58,1998-08-01,3-MEDIUM,Clerk#000000591
1373477,23584,O,49167.12,1998-08-01,3-MEDIUM,Clerk#000000089
1379782,146129,O,74976.03,1998-08-01,4-NOT SPECIFIED,Clerk#000000395
1382375,13586,O,83165.62,1998-08-01,3-MEDIUM,Clerk#000000844
1392519,72157,O,179444.74,1998-08-01,4-NOT SPECIFIED,Clerk#000000545
1402881,76751,O,235885.06,1998-08-01,1-URGENT,Clerk#000000602
1418885,16948,O,213684.08,1998-08-01,5-LOW,Clerk#000000403
1420064,78880,O,96053.19,1998-08-01,5-LOW,Clerk#000000792
1431173,94823,O,62613.62,1998-08-01,4-NOT SPECIFIED,Clerk#000000056
1433894,29729,O,63849.19,1998-08-01,3-MEDIUM,Clerk#000000611
1442339,7403,O,149392.30,1998-08-01,4-NOT SPECIFIED,Clerk#000000152
1442598,36319,O,56180.27,1998-08-01,5-LOW,Clerk#000000474
1443040,142448,O,354465.65,1998-08-01,4-NOT SPECIFIED,Clerk#000000960
1451300,42865,O,135258.26,1998-08-01,1-URGENT,Clerk#000000543
1454213,124960,O,165523.78,1998-08-01,3-MEDIUM,Clerk#000000287
1464288,146560,O,99376.05,1998-08-01,2-HIGH,Clerk#000000313
1486273,98548,O,68659.67,1998-08-01,4-NOT SPECIFIED,Clerk#000000020
1494502,55475,O,56896.00,1998-08-01,2-HIGH,Clerk#000000727
1500740,91192,O,236468.18,1998-08-01,5-LOW,Clerk#000000792
1522274,37850,O,226267.76,1998-08-01,1-URGENT,Clerk#000000028
1530564,52471,O,152562.00,1998-08-01,3-MEDIUM,Clerk#000000169
1545219,66557,O,94032.90,1998-08-01,5-LOW,Clerk#000000451
1553889,93773,O,257033.36,1998-08-01,2-HIGH,Clerk#000000958
1559491,68809,O,25818.96,1998-08-01,2-HIGH,Clerk#000000410
1566277,98077,O,182457.28,1998-08-01,1-URGENT,Clerk#000000813
1566945,130240,O,124852.36,1998-08-01,1-URGENT,Clerk#000000505
1570822,21292,O,138562.52,1998-08-01,1-URGENT,Clerk#000000593
1578117,37333,O,148076.81,1998-08-01,1-URGENT,Clerk#000000577
1587715,87209,O,55221.54,1998-08-01,2-HIGH,Clerk#000000659
1628290,37880,O,197111.98,1998-08-01,4-NOT SPECIFIED,Clerk#000000050
1628999,132482,O,241562.14,1998-08-01,3-MEDIUM,Clerk#000000719
1632261,48622,O,246086.05,1998-08-01,3-MEDIUM,Clerk#000000290
1644833,57428,O,37626.75,1998-08-01,2-HIGH,Clerk#000000868
1645505,36916,O,289104.25,1998-08-01,2-HIGH,Clerk#000000431
1670981,132011,O,135520.72,1998-08-01,2-HIGH,Clerk#000000695
1680101,31346,O,136868.14,1998-08-01,1-URGENT,Clerk#000000625
1687200,47737,O,60707.34,1998-08-01,5-LOW,Clerk#000000378
1688225,124579,O,318561.69,1998-08-01,2-HIGH,Clerk#000000183
1734757,46882,O,171838.72,1998-08-01,1-URGENT,Clerk#000000103
1773063,10262,O,46185.07,1998-08-01,1-URGENT,Clerk#000000647
1799683,112243,O,144068.36,1998-08-01,3-MEDIUM,Clerk#000000335
4202340,14890,O,180900.02,1998-08-01,2-HIGH,Clerk#000000571
4210785,140273,O,14622.04,1998-08-01,1-URGENT,Clerk#000000443
4217799,145417,O,107410.10,1998-08-01,1-URGENT,Clerk#000000818
4223041,100370,O,195016.33,1998-08-01,4-NOT SPECIFIED,Clerk#000000190
4262496,12070,O,65915.71,1998-08-01,3-MEDIUM,Clerk#000000696
4266372,138500,O,272964.25,1998-08-01,1-URGENT,Clerk#000000307
4268001,14023,O,142668.98,1998-08-01,1-URGENT,Clerk#000000919
4271808,102356,O,187552.70,1998-08-01,4-NOT SPECIFIED,Clerk#000000985
4272672,36019,O,170125.80,1998-08-01,2-HIGH,Clerk#000000490
4286022,133807,O,22517.07,1998-08-01,2-HIGH,Clerk#000000017
4299552,98861,O,195278.14,1998-08-01,1-URGENT,Clerk#000000226
4324708,135661,O,3279.27,1998-08-01,5-LOW,Clerk#000000172
4331206,138713,O,139992.15,1998-08-01,2-HIGH,Clerk#000000233
4339271,99679,O,291735.39,1998-08-01,1-URGENT,Clerk#000000707
4378436,21337,O,95748.00,1998-08-01,3-MEDIUM,Clerk#000000700
4392965,33658,O,243396.31,1998-08-01,5-LOW,Clerk#000000766
4397763,37025,O,101404.04,1998-08-01,2-HIGH,Clerk#000000344
4409029,73802,O,295914.69,1998-08-01,1-URGENT,Clerk#000000105
4411040,99643,O,150214.33,1998-08-01,3-MEDIUM,Clerk#000000280
4415552,67694,O,60801.58,1998-08-01,5-LOW,Clerk#000000376
4448933,109738,O,202343.48,1998-08-01,2-HIGH,Clerk#000000794
4464516,133892,O,135345.80,1998-08-01,5-LOW,Clerk#000000212
4468992,121115,O,125139.35,1998-08-01,2-HIGH,Clerk#000000546
4478530,96322,O,61712.69,1998-08-01,2-HIGH,Clerk#000000560
4499815,40249,O,45983.31,1998-08-01,5-LOW,Clerk#000000427
4507872,124561,O,93151.24,1998-08-01,2-HIGH,Clerk#000000318
4513159,141835,O,59667.33,1998-08-01,3-MEDIUM,Clerk#000000854
4514051,95486,O,276028.88,1998-08-01,2-HIGH,Clerk#000000463
4527749,128023,O,80832.42,1998-08-01,1-URGENT,Clerk#000000459
4529639,30668,O,171601.93,1998-08-01,2-HIGH,Clerk#000000263
4555521,11866,O,33458.01,1998-08-01,4-NOT SPECIFIED,Clerk#000000587
4567232,147460,O,59517.61,1998-08-01,5-LOW,Clerk#000000914
4579042,15983,O,284735.02,1998-08-01,3-MEDIUM,Clerk#000000784
4580965,133099,O,39879.98,1998-08-01,4-NOT SPECIFIED,Clerk#000000367
4598436,86533,O,216780.23,1998-08-01,4-NOT SPECIFIED,Clerk#000000177
4645058,124954,O,308784.91,1998-08-01,2-HIGH,Clerk#000000580
4663300,28240,O,50215.92,1998-08-01,3-MEDIUM,Clerk#000000823
4682915,63397,O,262177.96,1998-08-01,1-URGENT,Clerk#000000423
4683206,2500,O,103007.67,1998-08-01,2-HIGH,Clerk#000000460
4690340,124537,O,39505.70,1998-08-01,4-NOT SPECIFIED,Clerk#000000600
4695428,129472,O,162609.85,1998-08-01,1-URGENT,Clerk#000000673
4702499,141080,O,51743.98,1998-08-01,2-HIGH,Clerk#000000078
4709606,62108,O,190788.12,1998-08-01,3-MEDIUM,Clerk#000000652
4713060,37376,O,117251.39,1998-08-01,3-MEDIUM,Clerk#000000857
4728833,51209,O,185427.73,1998-08-01,5-LOW,Clerk#000000594
4749504,99452,O,15421.19,1998-08-01,1-URGENT,Clerk#000000760
4757254,139805,O,154229.84,1998-08-01,3-MEDIUM,Clerk#000000080
4758819,8263,O,322444.85,1998-08-01,2-HIGH,Clerk#000000565
4766695,62480,O,256396.33,1998-08-01,2-HIGH,Clerk#000000956
4785574,39839,O,30583.92,1998-08-01,4-NOT SPECIFIED,Clerk#000000347
4789188,46954,O,92091.91,1998-08-01,2-HIGH,Clerk#000000810
4789381,19292,O,208751.17,1998-08-01,4-NOT SPECIFIED,Clerk#000000428
2405312,34856,O,150731.16,1998-08-01,4-NOT SPECIFIED,Clerk#000000635
2408480,86,O,363272.33,1998-08-01,4-NOT SPECIFIED,Clerk#000000710
2415718,38410,O,63227.82,1998-08-01,3-MEDIUM,Clerk#000000788
2421476,106826,O,55695.38,1998-08-01,2-HIGH,Clerk#000000256
2424006,118598,O,98162.33,1998-08-01,2-HIGH,Clerk#000000499
2464224,77047,O,285832.36,1998-08-01,4-NOT SPECIFIED,Clerk#000000145
2472675,27952,O,124007.34,1998-08-01,3-MEDIUM,Clerk#000000282
2478338,110803,O,178186.59,1998-08-01,4-NOT SPECIFIED,Clerk#000000582
2479522,97189,O,299901.35,1998-08-01,2-HIGH,Clerk#000000158
2495714,23713,O,82141.68,1998-08-01,2-HIGH,Clerk#000000316
2496674,46885,O,178048.47,1998-08-01,1-URGENT,Clerk#000000681
2505920,143896,O,138747.00,1998-08-01,3-MEDIUM,Clerk#000000293
2513094,21403,O,68973.89,1998-08-01,5-LOW,Clerk#000000204
2528865,92779,O,3703.76,1998-08-01,1-URGENT,Clerk#000000198
2534339,19765,O,39937.02,1998-08-01,1-URGENT,Clerk#000000581
2538788,117934,O,60099.96,1998-08-01,4-NOT SPECIFIED,Clerk#000000615
2544192,108674,O,134954.22,1998-08-01,1-URGENT,Clerk#000000924
2552997,9002,O,57927.61,1998-08-01,5-LOW,Clerk#000000119
2560386,114239,O,97609.53,1998-08-01,2-HIGH,Clerk#000000188
2587014,63592,O,231410.39,1998-08-01,4-NOT SPECIFIED,Clerk#000000686
2612486,60901,O,238306.97,1998-08-01,5-LOW,Clerk#000000919
2613124,59758,O,177390.18,1998-08-01,1-URGENT,Clerk#000000139
2614562,82148,O,26326.46,1998-08-01,5-LOW,Clerk#000000771
2622275,102074,O,230612.73,1998-08-01,5-LOW,Clerk#000000114
2637251,147563,O,61946.84,1998-08-01,4-NOT SPECIFIED,Clerk#000000606
2647047,36653,O,44975.53,1998-08-01,5-LOW,Clerk#000000820
2660390,63898,O,176275.57,1998-08-01,3-MEDIUM,Clerk#000000055
2698529,33931,O,54969.14,1998-08-01,4-NOT SPECIFIED,Clerk#000000617
2699750,72955,O,29950.59,1998-08-01,4-NOT SPECIFIED,Clerk#000000666
2700800,122143,O,90291.38,1998-08-01,4-NOT SPECIFIED,Clerk#000000375
2716099,147245,O,97991.13,1998-08-01,3-MEDIUM,Clerk#000000860
2718566,41633,O,125148.62,1998-08-01,5-LOW,Clerk#000000357
2730086,10537,O,148856.92,1998-08-01,2-HIGH,Clerk#000000664
2730567,110218,O,238731.59,1998-08-01,5-LOW,Clerk#000000021
2734471,107704,O,201993.22,1998-08-01,3-MEDIUM,Clerk#000000231
2762564,145072,O,183312.42,1998-08-01,5-LOW,Clerk#000000094
2779302,2798,O,108351.31,1998-08-01,4-NOT SPECIFIED,Clerk#000000415
2779968,57343,O,48762.27,1998-08-01,3-MEDIUM,Clerk#000000004
2781061,67445,O,168682.27,1998-08-01,5-LOW,Clerk#000000024
2811750,18707,O,213442.93,1998-08-01,2-HIGH,Clerk#000000032
2822178,59645,O,95546.02,1998-08-01,3-MEDIUM,Clerk#000000565
2831938,76342,O,122480.82,1998-08-01,4-NOT SPECIFIED,Clerk#000000770
2836132,5116,O,21912.79,1998-08-01,1-URGENT,Clerk#000000446
2841888,138418,O,283245.80,1998-08-01,2-HIGH,Clerk#000000022
2846116,145433,O,184987.00,1998-08-01,5-LOW,Clerk#000000068
2847842,92162,O,120372.34,1998-08-01,4-NOT SPECIFIED,Clerk#000000862
2848612,148120,O,62246.48,1998-08-01,3-MEDIUM,Clerk#000000228
2850115,123383,O,258474.46,1998-08-01,5-LOW,Clerk#000000075
2851488,124424,O,358353.23,1998-08-01,4-NOT SPECIFIED,Clerk#000000108
2855909,134887,O,41418.39,1998-08-01,3-MEDIUM,Clerk#000000926
2861825,121981,O,241555.22,1998-08-01,3-MEDIUM,Clerk#000000464
2862848,3986,O,342461.12,1998-08-01,5-LOW,Clerk#000000237
2867045,13810,O,310227.20,1998-08-01,4-NOT SPECIFIED,Clerk#000000230
2868994,145355,O,80810.76,1998-08-01,2-HIGH,Clerk#000000626
2874981,16250,O,133879.04,1998-08-01,3-MEDIUM,Clerk#000000131
2880418,120445,O,336666.98,1998-08-01,2-HIGH,Clerk#000000341
2904995,19028,O,92466.45,1998-08-01,4-NOT SPECIFIED,Clerk#000000423
2905030,72160,O,80841.76,1998-08-01,1-URGENT,Clerk#000000940
2906211,65327,O,97040.46,1998-08-01,4-NOT SPECIFIED,Clerk#000000128
2910945,130856,O,183361.25,1998-08-01,3-MEDIUM,Clerk#000000804
2917185,125665,O,135971.75,1998-08-01,2-HIGH,Clerk#000000974
2917665,1304,O,80812.77,1998-08-01,5-LOW,Clerk#000000489
2922726,37270,O,183609.01,1998-08-01,4-NOT SPECIFIED,Clerk#000000073
2925508,108449,O,224144.09,1998-08-01,5-LOW,Clerk#000000675
2931938,96088,O,87636.30,1998-08-01,3-MEDIUM,Clerk#000000109
2954721,88546,O,201714.69,1998-08-01,1-URGENT,Clerk#000000903
2955940,83747,O,194882.41,1998-08-01,3-MEDIUM,Clerk#000000903
2959974,136373,O,84322.12,1998-08-01,2-HIGH,Clerk#000000347
2963558,97874,O,172925.54,1998-08-01,2-HIGH,Clerk#000000668
2996260,80824,O,10998.21,1998-08-01,3-MEDIUM,Clerk#000000519
2997126,82267,O,191875.70,1998-08-01,2-HIGH,Clerk#000000447
609318,39581,O,14279.54,1998-08-01,2-HIGH,Clerk#000000580
615521,31711,O,209170.35,1998-08-01,2-HIGH,Clerk#000000562
650374,50614,O,293111.71,1998-08-01,4-NOT SPECIFIED,Clerk#000000618
660327,128054,O,18628.61,1998-08-01,2-HIGH,Clerk#000000628
666754,46192,O,3414.09,1998-08-01,1-URGENT,Clerk#000000666
677669,119411,O,81327.66,1998-08-01,2-HIGH,Clerk#000000025
687879,23158,O,64781.48,1998-08-01,1-URGENT,Clerk#000000741
698785,91282,O,190250.60,1998-08-01,4-NOT SPECIFIED,Clerk#000000712
708837,92092,O,126967.83,1998-08-01,3-MEDIUM,Clerk#000000605
712967,3655,O,17213.78,1998-08-01,5-LOW,Clerk#000000470
712996,120343,O,125850.70,1998-08-01,3-MEDIUM,Clerk#000000475
714150,93488,O,8359.31,1998-08-01,3-MEDIUM,Clerk#000000509
719557,116080,O,93171.87,1998-08-01,2-HIGH,Clerk#000000837
724839,80161,O,47090.00,1998-08-01,3-MEDIUM,Clerk#000000580
726624,115714,O,127481.08,1998-08-01,5-LOW,Clerk#000000156
732869,109381,O,8190.69,1998-08-01,4-NOT SPECIFIED,Clerk#000000445
733376,430,O,98188.10,1998-08-01,4-NOT SPECIFIED,Clerk#000000552
733728,138853,O,192709.11,1998-08-01,1-URGENT,Clerk#000000921
735842,102703,O,65437.21,1998-08-01,3-MEDIUM,Clerk#000000039
745636,36280,O,342116.81,1998-08-01,5-LOW,Clerk#000000652
752293,77765,O,395335.34,1998-08-01,2-HIGH,Clerk#000000090
762435,116026,O,141617.86,1998-08-01,1-URGENT,Clerk#000000747
774563,4519,O,245858.33,1998-08-01,4-NOT SPECIFIED,Clerk#000000205
782053,49504,O,52531.55,1998-08-01,4-NOT SPECIFIED,Clerk#000000806
784032,24403,O,175633.50,1998-08-01,3-MEDIUM,Clerk#000000268
785792,42484,O,148878.97,1998-08-01,2-HIGH,Clerk#000000007
796067,13495,O,222005.50,1998-08-01,4-NOT SPECIFIED,Clerk#000000713
803943,56383,O,164615.49,1998-08-01,2-HIGH,Clerk#000000725
823107,75566,O,150900.30,1998-08-01,2-HIGH,Clerk#000000523
834119,62110,O,332109.64,1998-08-01,4-NOT SPECIFIED,Clerk#000000881
852229,114005,O,61837.78,1998-08-01,5-LOW,Clerk#000000791
865760,7643,O,239075.89,1998-08-01,3-MEDIUM,Clerk#000000871
869218,59551,O,115496.53,1998-08-01,5-LOW,Clerk#000000122
873633,20456,O,200350.68,1998-08-01,1-URGENT,Clerk#000000633
891489,119354,O,167994.52,1998-08-01,3-MEDIUM,Clerk#000000137
901511,126730,O,93287.64,1998-08-01,3-MEDIUM,Clerk#000000596
910182,31288,O,99090.40,1998-08-01,2-HIGH,Clerk#000000223
914144,8788,O,124541.61,1998-08-01,3-MEDIUM,Clerk#000000816
918277,91195,O,69566.61,1998-08-01,1-URGENT,Clerk#000000536
921216,91729,O,119935.09,1998-08-01,5-LOW,Clerk#000000852
935845,91759,O,160759.01,1998-08-01,5-LOW,Clerk#000000003
950304,142966,O,102483.47,1998-08-01,1-URGENT,Clerk#000000705
961379,446,O,129550.28,1998-08-01,2-HIGH,Clerk#000000288
967651,136480,O,170709.68,1998-08-01,3-MEDIUM,Clerk#000000571
982503,4979,O,34724.45,1998-08-01,2-HIGH,Clerk#000000934
992839,25906,O,195409.63,1998-08-01,5-LOW,Clerk#000000525
1000225,137008,O,67944.27,1998-08-01,4-NOT SPECIFIED,Clerk#000000262
1007238,67135,O,6494.81,1998-08-01,5-LOW,Clerk#000000911
1007364,44594,O,232426.89,1998-08-01,2-HIGH,Clerk#000000232
1011840,139070,O,180101.34,1998-08-01,5-LOW,Clerk#000000719
1016384,143857,O,60432.18,1998-08-01,4-NOT SPECIFIED,Clerk#000000022
1034596,43787,O,221422.78,1998-08-01,1-URGENT,Clerk#000000596
1053060,59629,O,89102.60,1998-08-01,3-MEDIUM,Clerk#000000664
1055138,125566,O,238430.41,1998-08-01,4-NOT SPECIFIED,Clerk#000000475
1061280,17692,O,76067.43,1998-08-01,2-HIGH,Clerk#000000095
1064421,44455,O,93037.43,1998-08-01,2-HIGH,Clerk#000000627
1073413,143086,O,43948.01,1998-08-01,5-LOW,Clerk#000000051
1074721,106894,O,115741.40,1998-08-01,1-URGENT,Clerk#000000255
1093922,58619,O,106694.96,1998-08-01,4-NOT SPECIFIED,Clerk#000000783
1097414,106220,O,171216.66,1998-08-01,4-NOT SPECIFIED,Clerk#000000903
1135072,93596,O,75273.99,1998-08-01,3-MEDIUM,Clerk#000000697
1139879,68096,O,331331.26,1998-08-01,4-NOT SPECIFIED,Clerk#000000621
1139973,139049,O,118663.28,1998-08-01,2-HIGH,Clerk#000000579
1142498,95243,O,209559.09,1998-08-01,3-MEDIUM,Clerk#000000166
1147649,72551,O,193049.61,1998-08-01,5-LOW,Clerk#000000073
1150502,103784,O,269351.36,1998-08-01,1-URGENT,Clerk#000000710
1160775,48082,O,224158.97,1998-08-01,4-NOT SPECIFIED,Clerk#000000055
1168481,124075,O,87009.07,1998-08-01,2-HIGH,Clerk#000000292
1170343,73276,O,45367.06,1998-08-01,4-NOT SPECIFIED,Clerk#000000340
1188359,125620,O,202876.27,1998-08-01,2-HIGH,Clerk#000000133
1192903,143776,O,151972.01,1998-08-01,1-URGENT,Clerk#000000002
1195008,5824,O,154977.86,1998-08-01,3-MEDIUM,Clerk#000000143
4842402,6766,O,170240.89,1998-08-01,2-HIGH,Clerk#000000759
4862498,31048,O,162577.05,1998-08-01,4-NOT SPECIFIED,Clerk#000000807
4863872,126235,O,123557.37,1998-08-01,4-NOT SPECIFIED,Clerk#000000469
4885792,46778,O,61656.60,1998-08-01,4-NOT SPECIFIED,Clerk#000000677
4886310,74500,O,189782.05,1998-08-01,4-NOT SPECIFIED,Clerk#000000506
4906021,55679,O,298749.70,1998-08-01,2-HIGH,Clerk#000000616
4939329,32416,O,292493.59,1998-08-01,5-LOW,Clerk#000000634
4953762,4016,O,215752.71,1998-08-01,1-URGENT,Clerk#000000580
4955718,43876,O,36552.25,1998-08-01,4-NOT SPECIFIED,Clerk#000000635
4955810,145549,O,353565.46,1998-08-01,1-URGENT,Clerk#000000789
4959271,54104,O,154893.55,1998-08-01,4-NOT SPECIFIED,Clerk#000000002
4960738,86299,O,230351.77,1998-08-01,4-NOT SPECIFIED,Clerk#000000248
4960836,14309,O,215306.36,1998-08-01,1-URGENT,Clerk#000000882
4972418,143261,O,285912.65,1998-08-01,4-NOT SPECIFIED,Clerk#000000349
4972800,28943,O,10995.69,1998-08-01,1-URGENT,Clerk#000000767
4988065,39763,O,65860.16,1998-08-01,5-LOW,Clerk#000000016
5003395,3284,O,93845.42,1998-08-01,1-URGENT,Clerk#000000643
5009957,103081,O,56283.15,1998-08-01,1-URGENT,Clerk#000000849
5034148,99613,O,137012.14,1998-08-01,5-LOW,Clerk#000000891
5034918,65407,O,139755.03,1998-08-01,3-MEDIUM,Clerk#000000185
5046305,14966,O,57135.67,1998-08-01,1-URGENT,Clerk#000000801
5053092,96419,O,37940.57,1998-08-01,2-HIGH,Clerk#000000362
5062149,23297,O,173762.80,1998-08-01,4-NOT SPECIFIED,Clerk#000000163
5071431,125935,O,89718.05,1998-08-01,1-URGENT,Clerk#000000384
5077248,49622,O,139601.05,1998-08-01,2-HIGH,Clerk#000000785
5077926,42298,O,151905.10,1998-08-01,2-HIGH,Clerk#000000112
5078946,1912,O,58263.13,1998-08-01,4-NOT SPECIFIED,Clerk#000000971
5079651,91922,O,186961.96,1998-08-01,2-HIGH,Clerk#000000061
5093345,29332,O,99826.62,1998-08-01,2-HIGH,Clerk#000000505
5099297,88177,O,313624.08,1998-08-01,3-MEDIUM,Clerk#000000305
5100708,8518,O,306893.12,1998-08-01,2-HIGH,Clerk#000000103
5104391,130102,O,80574.84,1998-08-01,5-LOW,Clerk#000000864
5115264,106753,O,222671.15,1998-08-01,4-NOT SPECIFIED,Clerk#000000118
5156640,89101,O,82399.20,1998-08-01,2-HIGH,Clerk#000000956
5168903,72734,O,204566.89,1998-08-01,4-NOT SPECIFIED,Clerk#000000739
5176258,106291,O,101504.45,1998-08-01,2-HIGH,Clerk#000000462
5187171,147631,O,4145.19,1998-08-01,5-LOW,Clerk#000000771
5202305,72917,O,91682.79,1998-08-01,2-HIGH,Clerk#000000542
5209376,3695,O,75990.58,1998-08-01,4-NOT SPECIFIED,Clerk#000000704
5229316,9604,O,283545.15,1998-08-01,2-HIGH,Clerk#000000379
5230624,30889,O,82943.26,1998-08-01,2-HIGH,Clerk#000000191
5235173,129910,O,234376.15,1998-08-01,1-URGENT,Clerk#000000316
5235265,15868,O,143354.43,1998-08-01,4-NOT SPECIFIED,Clerk#000000229
5235527,69197,O,59070.37,1998-08-01,2-HIGH,Clerk#000000019
5245442,99280,O,137682.26,1998-08-01,1-URGENT,Clerk#000000774
5248038,86527,O,147627.20,1998-08-01,2-HIGH,Clerk#000000607
5260483,36241,O,52140.21,1998-08-01,1-URGENT,Clerk#000000730
5322855,64612,O,169955.74,1998-08-01,5-LOW,Clerk#000000844
5330178,66329,O,151217.90,1998-08-01,3-MEDIUM,Clerk#000000973
5337410,31967,O,44158.52,1998-08-01,4-NOT SPECIFIED,Clerk#000000880
5353889,99154,O,173648.48,1998-08-01,1-URGENT,Clerk#000000859
5355428,20104,O,223316.37,1998-08-01,3-MEDIUM,Clerk#000000202
5357413,64603,O,251120.30,1998-08-01,1-URGENT,Clerk#000000476
5358017,61897,O,49954.95,1998-08-01,5-LOW,Clerk#000000524
5359426,144122,O,210370.88,1998-08-01,3-MEDIUM,Clerk#000000891
5365765,83893,O,159522.42,1998-08-01,5-LOW,Clerk#000000829
5378951,135475,O,281531.97,1998-08-01,5-LOW,Clerk#000000148
5382694,145360,O,121597.44,1998-08-01,3-MEDIUM,Clerk#000000581
5393638,99781,O,149876.62,1998-08-01,4-NOT SPECIFIED,Clerk#000000270
5395044,134743,O,37178.06,1998-08-01,3-MEDIUM,Clerk#000000743
1817927,27955,O,124381.84,1998-08-01,2-HIGH,Clerk#000000209
1829539,2131,O,91886.18,1998-08-01,4-NOT SPECIFIED,Clerk#000000899
1835973,129718,O,26524.51,1998-08-01,1-URGENT,Clerk#000000099
1839367,43819,O,175584.06,1998-08-01,2-HIGH,Clerk#000000417
1842756,3082,O,172855.34,1998-08-01,2-HIGH,Clerk#000000846
1844038,145136,O,38268.00,1998-08-01,2-HIGH,Clerk#000000947
1848902,87017,O,64554.38,1998-08-01,2-HIGH,Clerk#000000459
1878947,48224,O,65282.19,1998-08-01,5-LOW,Clerk#000000752
1879043,123856,O,95505.05,1998-08-01,2-HIGH,Clerk#000000980
1885575,21047,O,86636.74,1998-08-01,2-HIGH,Clerk#000000433
1890213,6383,O,164287.59,1998-08-01,3-MEDIUM,Clerk#000000260
1892356,129988,O,219974.61,1998-08-01,4-NOT SPECIFIED,Clerk#000000243
1913863,130739,O,150067.89,1998-08-01,2-HIGH,Clerk#000000606
1915680,123851,O,269281.07,1998-08-01,1-URGENT,Clerk#000000521
1916769,15712,O,68952.82,1998-08-01,2-HIGH,Clerk#000000593
1926566,70159,O,223968.27,1998-08-01,1-URGENT,Clerk#000000729
1931044,60298,O,183701.11,1998-08-01,4-NOT SPECIFIED,Clerk#000000557
1932549,75130,O,126890.56,1998-08-01,5-LOW,Clerk#000000578
1939911,87928,O,234521.15,1998-08-01,5-LOW,Clerk#000000870
1947265,53872,O,186163.56,1998-08-01,1-URGENT,Clerk#000000183
1958562,103999,O,92444.71,1998-08-01,2-HIGH,Clerk#000000747
1964004,130231,O,50201.04,1998-08-01,1-URGENT,Clerk#000000623
1964706,115217,O,84436.28,1998-08-01,2-HIGH,Clerk#000000414
1971397,35761,O,86812.41,1998-08-01,4-NOT SPECIFIED,Clerk#000000457
1979812,81766,O,135079.96,1998-08-01,4-NOT SPECIFIED,Clerk#000000951
1979813,68344,O,202023.19,1998-08-01,4-NOT SPECIFIED,Clerk#000000662
2002496,79040,O,240426.12,1998-08-01,3-MEDIUM,Clerk#000000520
2005761,50923,O,333526.50,1998-08-01,2-HIGH,Clerk#000000236
2019239,18739,O,187943.92,1998-08-01,2-HIGH,Clerk#000000587
2023776,145996,O,270883.25,1998-08-01,2-HIGH,Clerk#000000928
2024962,95236,O,191675.35,1998-08-01,4-NOT SPECIFIED,Clerk#000000412
2028576,65260,O,183343.39,1998-08-01,4-NOT SPECIFIED,Clerk#000000615
2029090,30193,O,81113.77,1998-08-01,5-LOW,Clerk#000000532
2038309,87877,O,226766.92,1998-08-01,5-LOW,Clerk#000000872
2059010,12682,O,278185.95,1998-08-01,1-URGENT,Clerk#000000756
2059748,18493,O,193747.78,1998-08-01,4-NOT SPECIFIED,Clerk#000000326
2061764,3685,O,55074.97,1998-08-01,3-MEDIUM,Clerk#000000841
2064070,42346,O,236414.62,1998-08-01,1-URGENT,Clerk#000000366
2071302,93464,O,83289.07,1998-08-01,4-NOT SPECIFIED,Clerk#000000626
2076038,91891,O,113557.72,1998-08-01,1-URGENT,Clerk#000000240
2085990,18250,O,90302.41,1998-08-01,1-URGENT,Clerk#000000947
2096321,17968,O,219034.35,1998-08-01,1-URGENT,Clerk#000000296
2120706,40159,O,102171.77,1998-08-01,5-LOW,Clerk#000000856
2123111,113212,O,150484.58,1998-08-01,3-MEDIUM,Clerk#000000928
2138695,102923,O,149324.21,1998-08-01,5-LOW,Clerk#000000499
2145536,69967,O,139810.45,1998-08-01,2-HIGH,Clerk#000000429
2153282,40130,O,172165.50,1998-08-01,5-LOW,Clerk#000000880
2161127,131149,O,195660.57,1998-08-01,1-URGENT,Clerk#000000484
2207908,83407,O,38312.18,1998-08-01,5-LOW,Clerk#000000419
2214144,11071,O,191359.40,1998-08-01,4-NOT SPECIFIED,Clerk#000000063
2221923,79739,O,155660.65,1998-08-01,4-NOT SPECIFIED,Clerk#000000756
2233350,73048,O,183797.73,1998-08-01,4-NOT SPECIFIED,Clerk#000000678
2240994,48145,O,246580.54,1998-08-01,1-URGENT,Clerk#000000944
2267810,149378,O,7355.06,1998-08-01,3-MEDIUM,Clerk#000000142
2280837,30413,O,206793.40,1998-08-01,1-URGENT,Clerk#000000074
2304420,41974,O,110624.98,1998-08-01,1-URGENT,Clerk#000000410
2305893,34849,O,125794.46,1998-08-01,5-LOW,Clerk#000000918
2316964,114211,O,110409.63,1998-08-01,4-NOT SPECIFIED,Clerk#000000643
2326818,126515,O,358080.05,1998-08-01,4-NOT SPECIFIED,Clerk#000000376
2353637,94520,O,358040.95,1998-08-01,4-NOT SPECIFIED,Clerk#000000614
2383522,96317,O,129519.33,1998-08-01,1-URGENT,Clerk#000000716
2397892,40573,O,58020.33,1998-08-01,2-HIGH,Clerk#000000881
