O_ORDERKEY,O_CUSTKEY,O_ORDERSTATUS,O_TOTALPRICE,O_ORDERDATE,O_ORDERPRIORITY,C_MKTSEGMENT,C_ACCTBAL,C_REGION,TOTAL_QUANTITY,AVG_DISCOUNT,TOTAL_DISCOUNT_VALUE,ITEM_COUNT,MAX_SHIP_DELAY
3541604,89005,O,244828.01,1998-08-01,3-MEDIUM,AUTOMOBILE,1793.36,AMERICA,161.00,0.04428571,11213.2090,7,30
2019239,18739,O,187943.92,1998-08-01,2-HIGH,FURNITURE,4060.62,AMERICA,122.00,0.04750000,7103.3946,4,29
2024962,95236,O,191675.35,1998-08-01,4-NOT SPECIFIED,AUTOMOBILE,5713.50,AFRICA,125.00,0.04800000,6584.8326,5,30
2038309,87877,O,226766.92,1998-08-01,5-LOW,HOUSEHOLD,6840.98,AMERICA,157.00,0.05714286,12533.1636,7,30
2240994,48145,O,246580.54,1998-08-01,1-URGENT,AUTOMOBILE,7306.27,EUROPE,175.00,0.05571429,12993.7803,7,21
4099106,90922,O,266298.00,1998-08-01,1-URGENT,AUTOMOBILE,350.30,MIDDLE EAST,195.00,0.05857143,15304.2346,7,27
2405312,34856,O,150731.16,1998-08-01,4-NOT SPECIFIED,HOUSEHOLD,5659.42,EUROPE,96.00,0.02500000,3406.3015,2,25
732869,109381,O,8190.69,1998-08-01,4-NOT SPECIFIED,AUTOMOBILE,5945.97,ASIA,8.00,0.07000000,610.4000,1,21
762435,116026,O,141617.86,1998-08-01,1-URGENT,MACHINERY,7468.51,AMERICA,106.00,0.04800000,9347.5255,5,30
5353889,99154,O,173648.48,1998-08-01,1-URGENT,MACHINERY,1982.41,ASIA,111.00,0.05000000,7538.6310,5,18
4468992,121115,O,125139.35,1998-08-01,2-HIGH,AUTOMOBILE,1313.89,MIDDLE EAST,72.00,0.04500000,6331.8930,2,12
3074181,72736,O,164714.74,1998-08-01,4-NOT SPECIFIED,MACHINERY,5747.06,EUROPE,102.00,0.03250000,6494.7332,4,25
2221923,79739,O,155660.65,1998-08-01,4-NOT SPECIFIED,MACHINERY,5520.45,AMERICA,125.00,0.06000000,10850.4345,4,18
3797283,133927,O,175764.84,1998-08-01,4-NOT SPECIFIED,AUTOMOBILE,9308.48,EUROPE,129.00,0.04714286,8349.4854,7,30
5790886,63292,O,269043.77,1998-08-01,4-NOT SPECIFIED,AUTOMOBILE,2518.31,AMERICA,163.00,0.05833333,19873.9512,6,28
2867045,13810,O,310227.20,1998-08-01,4-NOT SPECIFIED,BUILDING,5133.48,ASIA,188.00,0.04333333,12664.0546,6,22
1034596,43787,O,221422.78,1998-08-01,1-URGENT,AUTOMOBILE,6642.64,AFRICA,132.00,0.04000000,6010.9925,7,26
5248038,86527,O,147627.20,1998-08-01,2-HIGH,MACHINERY,6370.96,MIDDLE EAST,88.00,0.07000000,9806.7495,4,22
4478530,96322,O,61712.69,1998-08-01,2-HIGH,MACHINERY,3720.24,MIDDLE EAST,40.00,0.02333333,1429.5348,3,24
3711556,77446,O,50321.75,1998-08-01,1-URGENT,HOUSEHOLD,7456.72,EUROPE,28.00,0.05000000,2522.3940,1,15
5842983,24188,O,20436.51,1998-08-01,4-NOT SPECIFIED,HOUSEHOLD,8970.32,ASIA,14.00,0.05000000,1024.3870,1,9
2700800,122143,O,90291.38,1998-08-01,4-NOT SPECIFIED,MACHINERY,5565.54,AMERICA,50.00,0.06000000,5336.3700,1,16
745636,36280,O,342116.81,1998-08-01,5-LOW,BUILDING,-799.63,MIDDLE EAST,235.00,0.05142857,17918.0455,7,30
687879,23158,O,64781.48,1998-08-01,1-URGENT,HOUSEHOLD,4914.40,ASIA,56.00,0.02000000,1238.7048,2,16
1443040,142448,O,354465.65,1998-08-01,4-NOT SPECIFIED,MACHINERY,4545.03,AMERICA,228.00,0.03714286,13162.7121,7,26
22403,52795,O,163530.96,1998-08-01,3-MEDIUM,HOUSEHOLD,9462.15,AMERICA,102.00,0.05000000,10515.2280,3,23
2061764,3685,O,55074.97,1998-08-01,3-MEDIUM,BUILDING,9030.92,AMERICA,49.00,0.06000000,3316.4376,1,25
3876963,105043,O,182387.16,1998-08-01,4-NOT SPECIFIED,BUILDING,3967.82,EUROPE,111.00,0.06000000,10882.1835,4,21
5502052,101530,O,51966.39,1998-08-01,4-NOT SPECIFIED,BUILDING,9331.80,MIDDLE EAST,40.00,0.02000000,532.2063,2,22
1053060,59629,O,89102.60,1998-08-01,3-MEDIUM,MACHINERY,8446.93,AFRICA,74.00,0.04250000,4044.0321,4,22
1093922,58619,O,106694.96,1998-08-01,4-NOT SPECIFIED,HOUSEHOLD,-808.87,MIDDLE EAST,76.00,0.07400000,9158.4556,5,30
1522274,37850,O,226267.76,1998-08-01,1-URGENT,AUTOMOBILE,1848.04,MIDDLE EAST,157.00,0.05000000,11181.9446,6,28
1578117,37333,O,148076.81,1998-08-01,1-URGENT,BUILDING,2104.33,AMERICA,111.00,0.05250000,7625.4287,4,9
4988065,39763,O,65860.16,1998-08-01,5-LOW,BUILDING,552.30,AMERICA,49.00,0.05000000,3333.0045,1,10
5104391,130102,O,80574.84,1998-08-01,5-LOW,MACHINERY,-350.07,EUROPE,51.00,0.04000000,3161.1136,2,19
75744,72418,O,115916.18,1998-08-01,5-LOW,BUILDING,5726.74,AFRICA,76.00,0.03333333,3347.5956,3,18
573573,54727,O,165205.83,1998-08-01,4-NOT SPECIFIED,MACHINERY,6509.71,ASIA,92.00,0.06400000,9502.2912,5,26
4567232,147460,O,59517.61,1998-08-01,5-LOW,BUILDING,5180.84,AFRICA,42.00,0.01000000,601.1880,1,25
3230560,115876,O,203083.78,1998-08-01,1-URGENT,BUILDING,3455.70,ASIA,135.00,0.02750000,4697.7685,4,28
2023776,145996,O,270883.25,1998-08-01,2-HIGH,MACHINERY,7717.91,AFRICA,172.00,0.05200000,15482.7515,5,16
5472193,35024,O,90981.68,1998-08-01,2-HIGH,HOUSEHOLD,1892.31,AMERICA,57.00,0.02500000,1978.0578,2,21
5666144,57337,O,300237.17,1998-08-01,3-MEDIUM,HOUSEHOLD,4407.27,MIDDLE EAST,203.00,0.05142857,15693.3273,7,30
2552997,9002,O,57927.61,1998-08-01,5-LOW,HOUSEHOLD,2559.45,AFRICA,43.00,0.03500000,1945.0704,2,30
992839,25906,O,195409.63,1998-08-01,5-LOW,FURNITURE,7881.98,EUROPE,127.00,0.02000000,2987.8461,4,26
1373477,23584,O,49167.12,1998-08-01,3-MEDIUM,MACHINERY,3040.60,AFRICA,41.00,0.10000000,5408.9250,1,5
4960836,14309,O,215306.36,1998-08-01,1-URGENT,FURNITURE,3431.04,AFRICA,147.00,0.05166667,10708.8781,6,28
343559,10091,O,169461.01,1998-08-01,4-NOT SPECIFIED,MACHINERY,5337.98,MIDDLE EAST,136.00,0.04800000,7005.8477,5,26
4262496,12070,O,65915.71,1998-08-01,3-MEDIUM,AUTOMOBILE,-372.60,MIDDLE EAST,44.00,0.05000000,4256.7214,2,21
4272672,36019,O,170125.80,1998-08-01,2-HIGH,BUILDING,7593.29,AMERICA,120.00,0.01666667,2677.9060,3,28
4766695,62480,O,256396.33,1998-08-01,2-HIGH,AUTOMOBILE,5854.56,AMERICA,154.00,0.05833333,16846.9772,6,20
3492259,130285,O,49153.62,1998-08-01,2-HIGH,AUTOMOBILE,6461.11,AFRICA,34.00,0.04000000,1128.6838,2,16
1892356,129988,O,219974.61,1998-08-01,4-NOT SPECIFIED,MACHINERY,1063.28,AFRICA,140.00,0.06000000,14326.7444,5,28
2120706,40159,O,102171.77,1998-08-01,5-LOW,BUILDING,8921.12,MIDDLE EAST,63.00,0.07333333,8753.0249,3,25
4077952,71665,O,277241.70,1998-08-01,1-URGENT,HOUSEHOLD,6057.41,ASIA,170.00,0.03500000,9772.4722,6,29
5640736,86099,O,81281.08,1998-08-01,1-URGENT,BUILDING,2701.76,EUROPE,61.00,0.02666667,1255.6843,3,25
2415718,38410,O,63227.82,1998-08-01,3-MEDIUM,HOUSEHOLD,9424.97,MIDDLE EAST,41.00,0.04000000,2485.3708,1,7
2861825,121981,O,241555.22,1998-08-01,3-MEDIUM,MACHINERY,3829.17,EUROPE,154.00,0.06666667,13468.2843,6,28
796067,13495,O,222005.50,1998-08-01,4-NOT SPECIFIED,HOUSEHOLD,6474.27,MIDDLE EAST,172.00,0.06142857,12551.5768,7,15
1223200,90179,O,113223.20,1998-08-01,1-URGENT,AUTOMOBILE,2190.15,ASIA,98.00,0.06000000,6155.8298,3,16
4499815,40249,O,45983.31,1998-08-01,5-LOW,BUILDING,2387.46,EUROPE,32.00,0.03000000,1609.3280,2,14
3227845,74515,O,26032.56,1998-08-01,1-URGENT,HOUSEHOLD,7171.06,EUROPE,20.00,0.10000000,2728.7800,1,13
2528865,92779,O,3703.76,1998-08-01,1-URGENT,BUILDING,5615.03,EUROPE,2.00,0.07000000,258.1278,1,14
2855909,134887,O,41418.39,1998-08-01,3-MEDIUM,FURNITURE,1769.00,EUROPE,34.00,0.08000000,3463.0768,1,29
2963558,97874,O,172925.54,1998-08-01,2-HIGH,MACHINERY,7516.35,AMERICA,104.00,0.06000000,12888.8766,4,28
666754,46192,O,3414.09,1998-08-01,1-URGENT,MACHINERY,1732.15,ASIA,3.00,0.01000000,33.4815,1,16
1392519,72157,O,179444.74,1998-08-01,4-NOT SPECIFIED,FURNITURE,4278.76,MIDDLE EAST,116.00,0.06000000,14082.4292,6,26
579751,48710,O,15616.72,1998-08-01,2-HIGH,FURNITURE,6266.58,AFRICA,9.00,0.01500000,231.9705,2,17
507782,52534,O,143675.45,1998-08-01,4-NOT SPECIFIED,BUILDING,8595.46,AFRICA,86.00,0.03500000,2728.0976,6,29
3523008,114376,O,131444.02,1998-08-01,4-NOT SPECIFIED,AUTOMOBILE,2331.21,AFRICA,74.00,0.02000000,2536.5688,2,28
5801955,73339,O,168992.60,1998-08-01,4-NOT SPECIFIED,HOUSEHOLD,-361.66,EUROPE,105.00,0.03500000,8981.7631,4,30
2779968,57343,O,48762.27,1998-08-01,3-MEDIUM,MACHINERY,5268.16,AMERICA,39.00,0.04500000,4543.2522,2,25
2905030,72160,O,80841.76,1998-08-01,1-URGENT,FURNITURE,6681.89,MIDDLE EAST,60.00,0.03250000,2914.7874,4,20
735842,102703,O,65437.21,1998-08-01,3-MEDIUM,FURNITURE,6895.50,ASIA,36.00,0.06000000,3806.8128,2,20
327747,65080,O,192934.38,1998-08-01,2-HIGH,BUILDING,9625.82,ASIA,130.00,0.02666667,5968.2381,6,26
4645058,124954,O,308784.91,1998-08-01,2-HIGH,BUILDING,3357.48,EUROPE,218.00,0.04000000,11456.8151,7,29
3105600,43813,O,162955.92,1998-08-01,5-LOW,FURNITURE,7307.32,MIDDLE EAST,116.00,0.06500000,9993.5044,4,28
3417540,80509,O,174168.46,1998-08-01,4-NOT SPECIFIED,BUILDING,1452.71,MIDDLE EAST,134.00,0.04200000,10400.0800,5,30
2002496,79040,O,240426.12,1998-08-01,3-MEDIUM,HOUSEHOLD,1568.57,MIDDLE EAST,158.00,0.06200000,15487.4809,5,26
5421061,55595,O,195746.80,1998-08-01,5-LOW,AUTOMOBILE,6598.15,EUROPE,155.00,0.04000000,7637.1638,5,27
2699750,72955,O,29950.59,1998-08-01,4-NOT SPECIFIED,HOUSEHOLD,9690.06,ASIA,23.00,0.09000000,2875.8717,1,13
1442339,7403,O,149392.30,1998-08-01,4-NOT SPECIFIED,HOUSEHOLD,4639.68,AFRICA,85.00,0.07333333,11296.8815,3,20
4885792,46778,O,61656.60,1998-08-01,4-NOT SPECIFIED,AUTOMOBILE,6911.67,EUROPE,52.00,0.07500000,5586.5172,2,21
5034148,99613,O,137012.14,1998-08-01,5-LOW,BUILDING,5326.46,AMERICA,96.00,0.04200000,4468.1222,5,24
77315,95590,O,127466.07,1998-08-01,4-NOT SPECIFIED,AUTOMOBILE,3249.67,MIDDLE EAST,93.00,0.05500000,7584.4629,4,22
278053,50911,O,232667.17,1998-08-01,3-MEDIUM,FURNITURE,4037.63,AMERICA,168.00,0.06571429,18112.3839,7,29
123682,12817,O,198421.82,1998-08-01,3-MEDIUM,BUILDING,2423.92,ASIA,136.00,0.08400000,16405.2612,5,27
2085990,18250,O,90302.41,1998-08-01,1-URGENT,MACHINERY,1124.69,MIDDLE EAST,55.00,0.09333333,9318.2937,3,24
2267810,149378,O,7355.06,1998-08-01,3-MEDIUM,AUTOMOBILE,4059.25,EUROPE,6.00,0.08000000,597.7296,1,15
4172196,98671,O,287895.13,1998-08-01,3-MEDIUM,FURNITURE,2129.90,AFRICA,163.00,0.05857143,17904.2029,7,26
5443904,147128,O,17921.87,1998-08-01,4-NOT SPECIFIED,HOUSEHOLD,3927.94,AMERICA,13.00,0.05000000,906.9775,1,12
5491431,54653,O,129043.65,1998-08-01,1-URGENT,HOUSEHOLD,3007.07,EUROPE,97.00,0.06000000,6128.1114,3,28
2836132,5116,O,21912.79,1998-08-01,1-URGENT,FURNITURE,-887.13,AMERICA,17.00,0.01000000,208.8127,1,27
2660390,63898,O,176275.57,1998-08-01,3-MEDIUM,FURNITURE,5490.83,AMERICA,128.00,0.04833333,8551.4070,6,28
724839,80161,O,47090.00,1998-08-01,3-MEDIUM,AUTOMOBILE,7899.47,AMERICA,36.00,0.00500000,243.0480,2,21
1195008,5824,O,154977.86,1998-08-01,3-MEDIUM,HOUSEHOLD,6105.60,ASIA,79.00,0.04000000,6986.9536,2,9
1587715,87209,O,55221.54,1998-08-01,2-HIGH,MACHINERY,4871.90,MIDDLE EAST,32.00,0.03000000,1642.1952,1,4
1799683,112243,O,144068.36,1998-08-01,3-MEDIUM,AUTOMOBILE,2780.20,AMERICA,93.00,0.04500000,6297.3764,4,30
4960738,86299,O,230351.77,1998-08-01,4-NOT SPECIFIED,HOUSEHOLD,4203.96,AFRICA,145.00,0.04000000,12080.6186,5,24
192901,7709,O,92365.51,1998-08-01,2-HIGH,AUTOMOBILE,4006.07,EUROPE,54.00,0.03333333,4209.4020,3,29
298752,28586,O,112792.25,1998-08-01,3-MEDIUM,HOUSEHOLD,-168.39,AFRICA,91.00,0.06500000,5427.6488,4,24
4397763,37025,O,101404.04,1998-08-01,2-HIGH,AUTOMOBILE,4213.33,AMERICA,70.00,0.04333333,4165.3650,3,28
3233223,104054,O,202847.29,1998-08-01,1-URGENT,AUTOMOBILE,3446.67,AFRICA,133.00,0.05200000,9471.9947,5,29
3559205,17275,O,122400.21,1998-08-01,5-LOW,AUTOMOBILE,-277.94,AFRICA,80.00,0.03666667,4927.6794,3,23
3813575,128599,O,324020.77,1998-08-01,2-HIGH,HOUSEHOLD,2392.01,MIDDLE EAST,200.00,0.04428571,16621.0321,7,27
1442598,36319,O,56180.27,1998-08-01,5-LOW,MACHINERY,-281.20,AMERICA,31.00,0.05000000,2763.4175,1,26
5077248,49622,O,139601.05,1998-08-01,2-HIGH,MACHINERY,5357.17,ASIA,112.00,0.02333333,2872.6983,3,24
157026,52298,O,68158.93,1998-08-01,4-NOT SPECIFIED,MACHINERY,8682.76,AFRICA,52.00,0.03333333,2160.5661,3,30
468131,110536,O,223406.94,1998-08-01,2-HIGH,HOUSEHOLD,8479.07,EUROPE,160.00,0.05285714,11447.9764,7,25
320326,38986,O,24049.28,1998-08-01,3-MEDIUM,HOUSEHOLD,7866.02,AFRICA,14.00,0.05000000,1217.0690,1,8
3082566,6844,O,90303.57,1998-08-01,2-HIGH,AUTOMOBILE,6663.09,EUROPE,56.00,0.05500000,6037.2495,2,29
3095333,17737,O,255085.33,1998-08-01,3-MEDIUM,BUILDING,9148.15,EUROPE,142.00,0.04428571,10169.2965,7,25
1835973,129718,O,26524.51,1998-08-01,1-URGENT,AUTOMOBILE,6399.78,ASIA,15.00,0.03000000,766.6785,1,9
2123111,113212,O,150484.58,1998-08-01,3-MEDIUM,BUILDING,-432.59,AFRICA,94.00,0.05833333,7676.4716,6,27
3755265,105967,O,25118.23,1998-08-01,4-NOT SPECIFIED,HOUSEHOLD,4858.79,AFRICA,13.00,0.03000000,776.8527,1,10
5892545,31793,O,366141.39,1998-08-01,4-NOT SPECIFIED,FURNITURE,9721.50,AFRICA,246.00,0.05000000,21864.2958,7,30
714150,93488,O,8359.31,1998-08-01,3-MEDIUM,AUTOMOBILE,5485.67,AMERICA,5.00,0.01000000,82.7820,1,9
1252481,24481,O,68678.34,1998-08-01,5-LOW,BUILDING,9902.67,ASIA,44.00,0.01000000,660.6864,1,20
5260483,36241,O,52140.21,1998-08-01,1-URGENT,MACHINERY,2697.55,AFRICA,45.00,0.08500000,4460.5510,2,8
5382694,145360,O,121597.44,1998-08-01,3-MEDIUM,AUTOMOBILE,-29.64,ASIA,96.00,0.03833333,4960.5242,6,27
4324708,135661,O,3279.27,1998-08-01,5-LOW,MACHINERY,5700.62,EUROPE,2.00,0.08000000,274.1872,1,29
4331206,138713,O,139992.15,1998-08-01,2-HIGH,MACHINERY,-5.61,MIDDLE EAST,95.00,0.08500000,12644.4250,2,27
4713060,37376,O,117251.39,1998-08-01,3-MEDIUM,BUILDING,7393.66,AMERICA,92.00,0.02000000,1757.9664,4,24
3854403,29006,O,150748.66,1998-08-01,2-HIGH,MACHINERY,841.16,EUROPE,107.00,0.01800000,2797.3474,5,16
5501346,144152,O,297631.68,1998-08-01,2-HIGH,FURNITURE,3321.20,AFRICA,191.00,0.07666667,20258.3554,6,26
2841888,138418,O,283245.80,1998-08-01,2-HIGH,MACHINERY,5078.89,MIDDLE EAST,187.00,0.05500000,16468.4011,6,30
2917665,1304,O,80812.77,1998-08-01,5-LOW,AUTOMOBILE,4548.46,MIDDLE EAST,49.00,0.06000000,4820.8062,1,9
609318,39581,O,14279.54,1998-08-01,2-HIGH,HOUSEHOLD,8944.03,AMERICA,12.00,0.06500000,941.2384,2,22
5071431,125935,O,89718.05,1998-08-01,1-URGENT,FURNITURE,8851.11,AMERICA,60.00,0.05500000,5017.3188,2,23
5378951,135475,O,281531.97,1998-08-01,5-LOW,MACHINERY,2610.15,ASIA,196.00,0.03857143,9006.1007,7,26
313830,109894,O,124237.43,1998-08-01,2-HIGH,AUTOMOBILE,-367.38,ASIA,84.00,0.06200000,8894.7486,5,28
301187,123889,O,97422.88,1998-08-01,3-MEDIUM,FURNITURE,6835.07,ASIA,70.00,0.02666667,1025.3472,3,25
497153,99263,O,130556.46,1998-08-01,2-HIGH,AUTOMOBILE,6439.74,MIDDLE EAST,93.00,0.08000000,11246.5332,4,26
3459937,99700,O,65184.85,1998-08-01,4-NOT SPECIFIED,FURNITURE,8072.94,AMERICA,44.00,0.09000000,6139.8612,1,2
3221826,101062,O,329120.94,1998-08-01,2-HIGH,BUILDING,5629.95,MIDDLE EAST,211.00,0.03571429,11146.6391,7,26
1964004,130231,O,50201.04,1998-08-01,1-URGENT,BUILDING,2975.27,ASIA,38.00,0.04000000,1936.7688,1,13
4161734,17141,O,157878.51,1998-08-01,1-URGENT,BUILDING,6258.23,MIDDLE EAST,101.00,0.07000000,8836.6278,6,18
2478338,110803,O,178186.59,1998-08-01,4-NOT SPECIFIED,BUILDING,8756.39,ASIA,129.00,0.02600000,4877.8528,5,28
852229,114005,O,61837.78,1998-08-01,5-LOW,BUILDING,7984.87,AMERICA,35.00,0.02000000,1251.3170,2,18
1418885,16948,O,213684.08,1998-08-01,5-LOW,FURNITURE,1765.53,AMERICA,143.00,0.03500000,4975.6673,6,29
1687200,47737,O,60707.34,1998-08-01,5-LOW,MACHINERY,7647.11,ASIA,31.00,0.05000000,1233.9390,2,30
5235527,69197,O,59070.37,1998-08-01,2-HIGH,BUILDING,3984.11,EUROPE,50.00,0.09000000,5842.1250,1,29
541702,9142,O,132787.49,1998-08-01,1-URGENT,AUTOMOBILE,409.26,MIDDLE EAST,80.00,0.06000000,8242.0000,2,23
4555521,11866,O,33458.01,1998-08-01,4-NOT SPECIFIED,MACHINERY,3380.37,EUROPE,32.00,0.05000000,1596.8430,2,9
4728833,51209,O,185427.73,1998-08-01,5-LOW,MACHINERY,5373.43,AMERICA,113.00,0.06000000,9852.2573,5,30
4785574,39839,O,30583.92,1998-08-01,4-NOT SPECIFIED,FURNITURE,-960.06,MIDDLE EAST,16.00,0.04000000,1190.9632,1,17
2064070,42346,O,236414.62,1998-08-01,1-URGENT,AUTOMOBILE,5993.32,EUROPE,137.00,0.04285714,6957.1902,7,29
2207908,83407,O,38312.18,1998-08-01,5-LOW,MACHINERY,9785.58,AMERICA,28.00,0.05600000,2191.7480,5,25
3969858,144034,O,69588.10,1998-08-01,2-HIGH,MACHINERY,2290.70,AMERICA,43.00,0.03500000,2664.5908,2,18
4094082,117673,O,175685.66,1998-08-01,3-MEDIUM,HOUSEHOLD,3175.69,EUROPE,134.00,0.04500000,6615.2810,4,24
5482563,26233,O,44595.89,1998-08-01,5-LOW,AUTOMOBILE,8967.17,AMERICA,26.00,0.03500000,1977.4065,2,16
5975844,121397,O,13308.51,1998-08-01,3-MEDIUM,MACHINERY,-379.74,AFRICA,9.00,0.03666667,148.6579,3,16
1382375,13586,O,83165.62,1998-08-01,3-MEDIUM,MACHINERY,2059.24,ASIA,49.00,0.03666667,4668.5397,3,24
1628999,132482,O,241562.14,1998-08-01,3-MEDIUM,BUILDING,2852.10,ASIA,169.00,0.07285714,16305.6514,7,30
5099297,88177,O,313624.08,1998-08-01,3-MEDIUM,BUILDING,9043.31,MIDDLE EAST,202.00,0.04166667,12071.3707,6,28
299747,119080,O,199494.79,1998-08-01,1-URGENT,HOUSEHOLD,5194.61,ASIA,140.00,0.04333333,8871.1655,6,27
452128,1073,O,129168.00,1998-08-01,5-LOW,BUILDING,8217.23,MIDDLE EAST,96.00,0.03750000,4800.7134,4,20
1979813,68344,O,202023.19,1998-08-01,4-NOT SPECIFIED,FURNITURE,2052.69,ASIA,114.00,0.07000000,15109.1690,3,26
5657446,43067,O,196781.59,1998-08-01,2-HIGH,MACHINERY,1380.48,AFRICA,128.00,0.04166667,6693.9908,6,27
1147649,72551,O,193049.61,1998-08-01,5-LOW,AUTOMOBILE,3306.36,ASIA,149.00,0.05800000,11656.4602,5,24
1494502,55475,O,56896.00,1998-08-01,2-HIGH,FURNITURE,4415.68,EUROPE,35.00,0E-8,0.0000,1,18
5100708,8518,O,306893.12,1998-08-01,2-HIGH,MACHINERY,5919.67,ASIA,233.00,0.05000000,14633.9647,6,30
3480964,127726,O,235077.00,1998-08-01,2-HIGH,AUTOMOBILE,-536.26,EUROPE,158.00,0.04000000,12298.1530,5,26
3862016,52247,O,197679.74,1998-08-01,4-NOT SPECIFIED,BUILDING,6868.00,ASIA,140.00,0.04250000,9655.0725,4,25
4134690,26140,O,80431.00,1998-08-01,3-MEDIUM,FURNITURE,6988.01,AFRICA,50.00,0E-8,0.0000,1,29
1773063,10262,O,46185.07,1998-08-01,1-URGENT,BUILDING,1424.19,AFRICA,35.00,0.07000000,3310.7585,1,7
4164167,59984,O,30376.84,1998-08-01,2-HIGH,MACHINERY,1775.88,EUROPE,23.00,0.08000000,2445.8016,1,6
869218,59551,O,115496.53,1998-08-01,5-LOW,FURNITURE,2637.42,EUROPE,101.00,0.03166667,2358.7953,6,27
1168481,124075,O,87009.07,1998-08-01,2-HIGH,BUILDING,8448.15,MIDDLE EAST,62.00,0.01500000,1492.2483,2,19
1201888,145864,O,330078.87,1998-08-01,4-NOT SPECIFIED,AUTOMOBILE,-187.17,ASIA,207.00,0.04285714,13727.1669,7,24
1252673,81796,O,251670.16,1998-08-01,3-MEDIUM,BUILDING,4451.16,ASIA,170.00,0.04333333,7960.2650,6,23
283106,141550,O,173076.26,1998-08-01,2-HIGH,HOUSEHOLD,710.57,MIDDLE EAST,114.00,0.05200000,9533.0189,5,27
4271808,102356,O,187552.70,1998-08-01,4-NOT SPECIFIED,FURNITURE,8730.07,ASIA,135.00,0.06428571,13126.5526,7,28
3451076,25645,O,113945.03,1998-08-01,1-URGENT,BUILDING,-244.46,AMERICA,73.00,0.06000000,5924.9028,4,24
4099780,1315,O,239132.54,1998-08-01,2-HIGH,AUTOMOBILE,1447.84,MIDDLE EAST,172.00,0.07000000,18165.3674,7,28
4198502,122333,O,230901.57,1998-08-01,4-NOT SPECIFIED,BUILDING,5296.90,EUROPE,154.00,0.04428571,10638.5935,7,23
2421476,106826,O,55695.38,1998-08-01,2-HIGH,HOUSEHOLD,1650.04,AMERICA,29.00,0.04000000,3200.2882,2,22
2622275,102074,O,230612.73,1998-08-01,5-LOW,BUILDING,920.68,EUROPE,149.00,0.04857143,11044.1812,7,26
1545219,66557,O,94032.90,1998-08-01,5-LOW,MACHINERY,9233.94,MIDDLE EAST,48.00,0.08000000,7787.4048,1,7
1559491,68809,O,25818.96,1998-08-01,2-HIGH,FURNITURE,7930.64,ASIA,14.00,0.01000000,260.7976,1,29
1566945,130240,O,124852.36,1998-08-01,1-URGENT,FURNITURE,9836.39,AMERICA,94.00,0.06250000,5553.2258,4,26
1680101,31346,O,136868.14,1998-08-01,1-URGENT,BUILDING,74.03,MIDDLE EAST,85.00,0.05500000,8444.4506,4,18
4862498,31048,O,162577.05,1998-08-01,4-NOT SPECIFIED,FURNITURE,3329.90,ASIA,122.00,0.04500000,7532.3149,4,26
312259,10138,O,113724.48,1998-08-01,2-HIGH,AUTOMOBILE,2142.86,AFRICA,77.00,0.06500000,5972.2034,4,18
594438,71129,O,359149.24,1998-08-01,5-LOW,HOUSEHOLD,4338.03,AMERICA,206.00,0.06142857,23355.7630,7,27
3212481,19156,O,97354.19,1998-08-01,2-HIGH,FURNITURE,5802.40,EUROPE,57.00,0.06500000,6648.4960,2,22
3317891,144812,O,143271.77,1998-08-01,1-URGENT,HOUSEHOLD,7286.31,EUROPE,105.00,0.07750000,10973.8691,4,20
3724864,137686,O,6995.72,1998-08-01,4-NOT SPECIFIED,HOUSEHOLD,7560.19,MIDDLE EAST,6.00,0.05000000,368.1960,1,19
5712068,60901,O,120894.47,1998-08-01,1-URGENT,FURNITURE,5954.22,AMERICA,84.00,0.01000000,1049.8716,4,29
5777252,32807,O,386548.19,1998-08-01,4-NOT SPECIFIED,AUTOMOBILE,5532.40,AFRICA,223.00,0.06857143,25633.3822,7,30
2495714,23713,O,82141.68,1998-08-01,2-HIGH,MACHINERY,4388.54,AMERICA,55.00,0.05000000,4983.3520,3,20
2614562,82148,O,26326.46,1998-08-01,5-LOW,FURNITURE,5179.41,MIDDLE EAST,19.00,0.04000000,1058.7752,2,23
2868994,145355,O,80810.76,1998-08-01,2-HIGH,HOUSEHOLD,5986.97,AFRICA,59.00,0.04250000,2736.9853,4,29
2925508,108449,O,224144.09,1998-08-01,5-LOW,BUILDING,1983.28,AFRICA,169.00,0.05285714,11135.7306,7,25
1160775,48082,O,224158.97,1998-08-01,4-NOT SPECIFIED,AUTOMOBILE,576.31,AMERICA,146.00,0.07428571,19485.4584,7,30
1055138,125566,O,238430.41,1998-08-01,4-NOT SPECIFIED,BUILDING,2365.84,AFRICA,163.00,0.05714286,16700.5888,7,20
1632261,48622,O,246086.05,1998-08-01,3-MEDIUM,HOUSEHOLD,5366.76,ASIA,166.00,0.04400000,8337.8256,5,24
5046305,14966,O,57135.67,1998-08-01,1-URGENT,MACHINERY,6266.56,MIDDLE EAST,36.00,0.04000000,3473.7064,2,21
394946,120922,O,184578.74,1998-08-01,3-MEDIUM,MACHINERY,2392.02,AFRICA,115.00,0.03000000,6401.7941,3,25
152647,37501,O,195716.84,1998-08-01,1-URGENT,HOUSEHOLD,-324.85,AMERICA,127.00,0.04600000,9551.3002,5,30
1916769,15712,O,68952.82,1998-08-01,2-HIGH,FURNITURE,6745.94,EUROPE,42.00,0.07000000,5292.3052,2,25
1947265,53872,O,186163.56,1998-08-01,1-URGENT,MACHINERY,1467.80,AFRICA,147.00,0.06600000,11512.4201,5,30
2304420,41974,O,110624.98,1998-08-01,1-URGENT,FURNITURE,2924.63,EUROPE,74.00,0.05250000,5982.5637,4,30
5971239,43669,O,14302.82,1998-08-01,3-MEDIUM,HOUSEHOLD,6969.21,ASIA,10.00,0.06000000,861.2700,1,2
2906211,65327,O,97040.46,1998-08-01,4-NOT SPECIFIED,MACHINERY,5637.28,EUROPE,50.00,0.05000000,395.6120,2,29
1570822,21292,O,138562.52,1998-08-01,1-URGENT,MACHINERY,4453.51,MIDDLE EAST,93.00,0.03000000,4014.5383,3,24
5078946,1912,O,58263.13,1998-08-01,4-NOT SPECIFIED,FURNITURE,3886.95,MIDDLE EAST,41.00,0.02000000,51.0948,2,27
4217799,145417,O,107410.10,1998-08-01,1-URGENT,MACHINERY,8322.12,EUROPE,68.00,0.03000000,3095.2935,2,11
4266372,138500,O,272964.25,1998-08-01,1-URGENT,BUILDING,540.13,AFRICA,165.00,0.05857143,17130.3576,7,22
4695428,129472,O,162609.85,1998-08-01,1-URGENT,FURNITURE,6020.91,EUROPE,99.00,0.06750000,11765.1511,4,27
1915680,123851,O,269281.07,1998-08-01,1-URGENT,BUILDING,6220.01,AFRICA,195.00,0.04000000,12625.7468,5,26
3617575,2368,O,62118.46,1998-08-01,1-URGENT,MACHINERY,3745.48,AMERICA,41.00,0.08000000,5616.3016,2,20
3890081,29087,O,183722.16,1998-08-01,3-MEDIUM,MACHINERY,-990.97,ASIA,127.00,0.04400000,7459.4722,5,25
5536291,2245,O,144018.73,1998-08-01,4-NOT SPECIFIED,BUILDING,6752.92,AFRICA,117.00,0.03250000,4425.6692,4,28
5811360,137765,O,140809.92,1998-08-01,1-URGENT,BUILDING,4604.94,EUROPE,82.00,0.05800000,10178.8944,5,30
5910693,24205,O,314123.37,1998-08-01,2-HIGH,FURNITURE,7848.15,AMERICA,210.00,0.06428571,18012.9626,7,29
2880418,120445,O,336666.98,1998-08-01,2-HIGH,MACHINERY,8556.59,AFRICA,226.00,0.04142857,19750.7726,7,29
4939329,32416,O,292493.59,1998-08-01,5-LOW,BUILDING,-700.60,MIDDLE EAST,187.00,0.03666667,12211.3105,6,24
5077926,42298,O,151905.10,1998-08-01,2-HIGH,BUILDING,6513.03,MIDDLE EAST,100.00,0.02750000,3773.1598,4,22
407044,144667,O,66488.18,1998-08-01,3-MEDIUM,HOUSEHOLD,5902.41,EUROPE,38.00,0E-8,0.0000,1,9
506023,63673,O,102312.81,1998-08-01,5-LOW,HOUSEHOLD,9439.18,AFRICA,87.00,0.07250000,7363.1493,4,17
2076038,91891,O,113557.72,1998-08-01,1-URGENT,FURNITURE,9826.73,AMERICA,87.00,0.03600000,3373.1290,5,30
3601572,8120,O,295179.00,1998-08-01,1-URGENT,HOUSEHOLD,5412.71,EUROPE,176.00,0.05142857,17174.6966,7,18
3679621,46672,O,212219.19,1998-08-01,4-NOT SPECIFIED,AUTOMOBILE,963.27,AFRICA,132.00,0.05333333,12093.7110,6,19
2922726,37270,O,183609.01,1998-08-01,4-NOT SPECIFIED,HOUSEHOLD,7253.09,AMERICA,120.00,0.08750000,15592.1595,4,24
2848612,148120,O,62246.48,1998-08-01,3-MEDIUM,MACHINERY,175.84,AFRICA,42.00,0.06000000,2726.8310,3,23
891489,119354,O,167994.52,1998-08-01,3-MEDIUM,FURNITURE,6369.06,ASIA,107.00,0.02750000,4219.8176,4,28
1270279,80170,O,118171.79,1998-08-01,4-NOT SPECIFIED,AUTOMOBILE,7546.38,ASIA,79.00,0.03400000,3894.4746,5,29
4955718,43876,O,36552.25,1998-08-01,4-NOT SPECIFIED,BUILDING,72.23,AMERICA,36.00,0.09000000,3347.2764,1,1
5358017,61897,O,49954.95,1998-08-01,5-LOW,BUILDING,1045.52,AFRICA,42.00,0.07666667,4239.3893,3,17
3731207,94174,O,215191.00,1998-08-01,5-LOW,MACHINERY,3859.31,AFRICA,150.00,0.05166667,8480.5296,6,29
3968452,22097,O,186118.22,1998-08-01,1-URGENT,MACHINERY,6778.19,ASIA,133.00,0.04333333,10169.1476,6,25
4163872,114535,O,185887.47,1998-08-01,1-URGENT,MACHINERY,930.47,AFRICA,116.00,0.06500000,9037.0575,4,25
2955940,83747,O,194882.41,1998-08-01,3-MEDIUM,AUTOMOBILE,971.50,ASIA,134.00,0.04666667,7573.2370,6,26
1011840,139070,O,180101.34,1998-08-01,5-LOW,BUILDING,732.76,AMERICA,126.00,0.05500000,10739.8175,6,14
1170343,73276,O,45367.06,1998-08-01,4-NOT SPECIFIED,AUTOMOBILE,7569.76,AFRICA,31.00,0.06000000,2811.4272,1,8
1236355,142075,O,272006.51,1998-08-01,5-LOW,FURNITURE,5129.45,ASIA,166.00,0.04500000,11026.6334,6,30
1245347,111421,O,44361.39,1998-08-01,4-NOT SPECIFIED,MACHINERY,7089.98,ASIA,29.00,0.00666667,207.1464,3,26
5337410,31967,O,44158.52,1998-08-01,4-NOT SPECIFIED,AUTOMOBILE,1530.73,ASIA,30.00,0.10000000,4672.8600,1,30
4682915,63397,O,262177.96,1998-08-01,1-URGENT,AUTOMOBILE,3461.18,EUROPE,210.00,0.05142857,16074.8904,7,26
3846179,7012,O,59429.90,1998-08-01,5-LOW,MACHINERY,-222.60,MIDDLE EAST,43.00,0.09000000,5386.8104,2,27
4147968,83395,O,96289.55,1998-08-01,1-URGENT,BUILDING,8383.00,ASIA,69.00,0.04000000,4188.9322,2,27
2472675,27952,O,124007.34,1998-08-01,3-MEDIUM,FURNITURE,3042.59,ASIA,81.00,0.06333333,7753.7149,3,19
2534339,19765,O,39937.02,1998-08-01,1-URGENT,FURNITURE,7037.64,AMERICA,37.00,0.10000000,4226.1400,1,1
2587014,63592,O,231410.39,1998-08-01,4-NOT SPECIFIED,HOUSEHOLD,8773.10,EUROPE,156.00,0.03833333,11743.1331,6,17
1074721,106894,O,115741.40,1998-08-01,1-URGENT,MACHINERY,-131.90,EUROPE,97.00,0.05500000,9157.4068,4,22
1291907,110303,O,239494.97,1998-08-01,2-HIGH,AUTOMOBILE,7468.28,AFRICA,153.00,0.06000000,16567.3580,5,22
1553889,93773,O,257033.36,1998-08-01,2-HIGH,MACHINERY,1062.34,AFRICA,194.00,0.05166667,12823.3980,6,29
5330178,66329,O,151217.90,1998-08-01,3-MEDIUM,HOUSEHOLD,2151.95,MIDDLE EAST,112.00,0.05000000,5752.7712,4,21
467651,136819,O,67143.33,1998-08-01,4-NOT SPECIFIED,BUILDING,320.19,AMERICA,45.00,0.06500000,3459.1190,2,13
496612,48983,O,219747.14,1998-08-01,5-LOW,MACHINERY,8891.07,MIDDLE EAST,143.00,0.06400000,12823.5120,5,27
3288672,92945,O,194761.72,1998-08-01,4-NOT SPECIFIED,AUTOMOBILE,1761.34,MIDDLE EAST,135.00,0.05833333,8615.5284,6,28
5939139,23822,O,222506.74,1998-08-01,5-LOW,BUILDING,7762.97,AMERICA,141.00,0.04833333,10140.7154,6,27
2734471,107704,O,201993.22,1998-08-01,3-MEDIUM,HOUSEHOLD,6284.22,MIDDLE EAST,142.00,0.05000000,7356.2176,5,30
726624,115714,O,127481.08,1998-08-01,5-LOW,BUILDING,6662.61,MIDDLE EAST,89.00,0.09000000,12235.5576,2,14
719557,116080,O,93171.87,1998-08-01,2-HIGH,HOUSEHOLD,1679.32,MIDDLE EAST,56.00,0.08500000,7534.1908,4,25
5245442,99280,O,137682.26,1998-08-01,1-URGENT,HOUSEHOLD,56.38,MIDDLE EAST,103.00,0.05800000,7178.8951,5,27
4757254,139805,O,154229.84,1998-08-01,3-MEDIUM,BUILDING,6426.82,MIDDLE EAST,91.00,0.06666667,9842.8160,3,30
1878947,48224,O,65282.19,1998-08-01,5-LOW,MACHINERY,219.59,ASIA,38.00,0.09000000,6456.4812,1,1
1979812,81766,O,135079.96,1998-08-01,4-NOT SPECIFIED,HOUSEHOLD,-814.91,AMERICA,99.00,0.04750000,5665.3951,4,20
2316964,114211,O,110409.63,1998-08-01,4-NOT SPECIFIED,AUTOMOBILE,3105.53,AFRICA,88.00,0.04600000,5220.0286,5,30
5579363,134128,O,244567.84,1998-08-01,1-URGENT,HOUSEHOLD,1461.17,AFRICA,177.00,0.04571429,10338.3322,7,25
5676068,122483,O,195381.07,1998-08-01,3-MEDIUM,AUTOMOBILE,1374.85,MIDDLE EAST,134.00,0.06166667,13226.3109,6,30
2612486,60901,O,238306.97,1998-08-01,5-LOW,FURNITURE,5954.22,AMERICA,143.00,0.06166667,10887.6392,6,25
2862848,3986,O,342461.12,1998-08-01,5-LOW,FURNITURE,-923.40,ASIA,213.00,0.06200000,21130.8837,5,27
935845,91759,O,160759.01,1998-08-01,5-LOW,MACHINERY,9694.60,ASIA,94.00,0.05200000,8488.3789,5,19
1007364,44594,O,232426.89,1998-08-01,2-HIGH,HOUSEHOLD,7734.02,ASIA,191.00,0.04166667,10482.7615,6,30
5202305,72917,O,91682.79,1998-08-01,2-HIGH,FURNITURE,4354.47,MIDDLE EAST,68.00,0.08500000,8135.0565,2,30
452484,17992,O,392394.17,1998-08-01,4-NOT SPECIFIED,FURNITURE,8408.12,EUROPE,234.00,0.04000000,16559.0289,7,19
4268001,14023,O,142668.98,1998-08-01,1-URGENT,FURNITURE,2980.93,AMERICA,109.00,0.06600000,9641.5978,5,19
4749504,99452,O,15421.19,1998-08-01,1-URGENT,HOUSEHOLD,4655.46,AMERICA,11.00,0.05000000,751.5200,1,15
3060705,90455,O,218957.91,1998-08-01,2-HIGH,AUTOMOBILE,9205.74,AMERICA,146.00,0.04600000,9086.4363,5,30
3220960,19016,O,195899.67,1998-08-01,1-URGENT,BUILDING,7309.46,AMERICA,126.00,0.03857143,8186.7127,7,22
3577024,78625,O,1466.22,1998-08-01,3-MEDIUM,HOUSEHOLD,-754.18,AMERICA,1.00,0E-8,0.0000,1,24
3711973,88687,O,41885.60,1998-08-01,3-MEDIUM,MACHINERY,9585.84,ASIA,37.00,0.08500000,4017.8698,2,14
3822756,107393,O,222241.26,1998-08-01,1-URGENT,MACHINERY,4300.78,EUROPE,168.00,0.04571429,7789.7089,7,22
5736000,118435,O,48144.70,1998-08-01,1-URGENT,AUTOMOBILE,8564.39,EUROPE,32.00,0.05000000,2460.1280,1,20
2718566,41633,O,125148.62,1998-08-01,5-LOW,MACHINERY,8619.93,ASIA,81.00,0.05250000,7482.6777,4,21
2910945,130856,O,183361.25,1998-08-01,3-MEDIUM,HOUSEHOLD,6589.97,EUROPE,129.00,0.07000000,11478.6278,7,21
1431173,94823,O,62613.62,1998-08-01,4-NOT SPECIFIED,FURNITURE,2555.67,EUROPE,47.00,0.05250000,2700.2122,4,13
417637,147439,O,60498.03,1998-08-01,2-HIGH,MACHINERY,1452.81,AMERICA,37.00,0.06000000,3726.4224,2,18
501921,81466,O,328195.04,1998-08-01,5-LOW,AUTOMOBILE,1450.82,AFRICA,191.00,0.03714286,11911.8176,7,24
554339,57388,O,54979.85,1998-08-01,4-NOT SPECIFIED,AUTOMOBILE,5914.57,EUROPE,38.00,0.07000000,3831.7300,1,17
4464516,133892,O,135345.80,1998-08-01,5-LOW,MACHINERY,4687.25,EUROPE,83.00,0.04000000,4993.6476,3,28
1842756,3082,O,172855.34,1998-08-01,2-HIGH,AUTOMOBILE,1459.59,AFRICA,125.00,0.05500000,9016.6678,6,28
2464224,77047,O,285832.36,1998-08-01,4-NOT SPECIFIED,BUILDING,87.64,EUROPE,166.00,0.06500000,19496.3732,4,23
615521,31711,O,209170.35,1998-08-01,2-HIGH,BUILDING,6419.99,ASIA,142.00,0.03750000,7685.2145,4,26
784032,24403,O,175633.50,1998-08-01,3-MEDIUM,AUTOMOBILE,8760.55,EUROPE,116.00,0.05800000,8895.8153,5,29
1139973,139049,O,118663.28,1998-08-01,2-HIGH,BUILDING,4702.56,AMERICA,80.00,0.06000000,7382.5024,2,19
1231874,27082,O,317213.55,1998-08-01,2-HIGH,MACHINERY,8469.66,AMERICA,236.00,0.04000000,13948.0706,7,17
1688225,124579,O,318561.69,1998-08-01,2-HIGH,HOUSEHOLD,-934.17,MIDDLE EAST,193.00,0.05333333,18333.4157,6,30
37735,86446,O,37428.68,1998-08-01,3-MEDIUM,MACHINERY,6227.50,EUROPE,30.00,0E-8,0.0000,1,20
87015,87086,O,56271.12,1998-08-01,5-LOW,MACHINERY,3276.28,EUROPE,44.00,0.09000000,5351.2272,1,26
4527749,128023,O,80832.42,1998-08-01,1-URGENT,FURNITURE,287.82,ASIA,65.00,0.05750000,2145.8570,4,24
1958562,103999,O,92444.71,1998-08-01,2-HIGH,AUTOMOBILE,4234.26,AFRICA,54.00,0.06000000,8031.0891,3,27
2005761,50923,O,333526.50,1998-08-01,2-HIGH,MACHINERY,171.59,ASIA,200.00,0.05833333,25056.3292,6,28
2153282,40130,O,172165.50,1998-08-01,5-LOW,HOUSEHOLD,3442.41,ASIA,109.00,0.06333333,11180.8800,3,17
3881252,120316,O,235301.95,1998-08-01,4-NOT SPECIFIED,AUTOMOBILE,-778.31,ASIA,165.00,0.04857143,11241.4689,7,30
2424006,118598,O,98162.33,1998-08-01,2-HIGH,MACHINERY,197.92,AFRICA,62.00,0.08333333,8482.3213,3,17
5115264,106753,O,222671.15,1998-08-01,4-NOT SPECIFIED,FURNITURE,6146.52,EUROPE,157.00,0.06428571,14682.1178,7,23
5230624,30889,O,82943.26,1998-08-01,2-HIGH,MACHINERY,7042.83,MIDDLE EAST,64.00,0.05666667,6949.2466,3,28
57637,111394,O,78129.83,1998-08-01,1-URGENT,BUILDING,3694.34,MIDDLE EAST,43.00,0.04000000,3042.4392,1,22
4210785,140273,O,14622.04,1998-08-01,1-URGENT,MACHINERY,2783.75,AMERICA,10.00,0.03000000,434.8350,1,17
3147874,61531,O,88567.62,1998-08-01,2-HIGH,AUTOMOBILE,1799.94,EUROPE,59.00,0.09000000,8348.8716,2,27
3726849,149129,O,132347.20,1998-08-01,5-LOW,FURNITURE,3772.13,MIDDLE EAST,83.00,0.05250000,6170.9126,4,30
4078016,56815,O,48835.13,1998-08-01,2-HIGH,AUTOMOBILE,7844.06,AMERICA,26.00,0.03000000,1424.8728,1,30
2874981,16250,O,133879.04,1998-08-01,3-MEDIUM,HOUSEHOLD,4518.22,ASIA,103.00,0.06600000,7738.9404,5,26
4299552,98861,O,195278.14,1998-08-01,1-URGENT,MACHINERY,3189.88,MIDDLE EAST,137.00,0.05500000,9696.8558,6,20
4702499,141080,O,51743.98,1998-08-01,2-HIGH,MACHINERY,266.48,MIDDLE EAST,37.00,0.07000000,3606.2124,1,27
3597633,10738,O,16227.67,1998-08-01,1-URGENT,AUTOMOBILE,6828.74,ASIA,12.00,0.06000000,1025.5536,1,20
3983143,24490,O,76957.35,1998-08-01,5-LOW,FURNITURE,6481.84,AFRICA,50.00,0.03666667,2727.6660,3,17
5937379,23144,O,70141.20,1998-08-01,4-NOT SPECIFIED,HOUSEHOLD,6956.17,ASIA,51.00,0.05666667,5860.5384,3,16
910182,31288,O,99090.40,1998-08-01,2-HIGH,FURNITURE,5819.70,AMERICA,59.00,0.05000000,3870.6728,2,17
918277,91195,O,69566.61,1998-08-01,1-URGENT,MACHINERY,7640.08,ASIA,52.00,0.05000000,3054.9279,3,13
1000225,137008,O,67944.27,1998-08-01,4-NOT SPECIFIED,MACHINERY,3467.06,ASIA,34.00,0.01000000,659.9094,1,4
1218118,121427,O,218944.26,1998-08-01,3-MEDIUM,HOUSEHOLD,1426.46,AFRICA,154.00,0.07714286,18797.4158,7,22
432162,81814,O,88537.95,1998-08-01,1-URGENT,BUILDING,-199.35,ASIA,55.00,0.01000000,876.7871,2,30
3083459,45001,O,144220.21,1998-08-01,5-LOW,BUILDING,898.29,ASIA,89.00,0.06500000,6893.7445,4,24
3155427,6206,O,277396.32,1998-08-01,5-LOW,HOUSEHOLD,486.36,MIDDLE EAST,191.00,0.07000000,19554.7804,5,29
2029090,30193,O,81113.77,1998-08-01,5-LOW,MACHINERY,5648.08,MIDDLE EAST,50.00,0.01000000,765.7300,1,4
2730567,110218,O,238731.59,1998-08-01,5-LOW,MACHINERY,1607.12,AFRICA,157.00,0.07333333,18280.5171,6,29
1192903,143776,O,151972.01,1998-08-01,1-URGENT,BUILDING,3310.85,MIDDLE EAST,106.00,0.04333333,7195.2028,3,29
4514051,95486,O,276028.88,1998-08-01,2-HIGH,FURNITURE,3036.85,AFRICA,184.00,0.07333333,23139.0425,6,30
3554405,109786,O,279306.27,1998-08-01,4-NOT SPECIFIED,BUILDING,7464.90,MIDDLE EAST,207.00,0.05571429,17982.1776,7,29
1839367,43819,O,175584.06,1998-08-01,2-HIGH,MACHINERY,7604.98,AFRICA,119.00,0.07166667,12109.2025,6,21
3770819,149056,O,142173.24,1998-08-01,3-MEDIUM,AUTOMOBILE,8852.06,MIDDLE EAST,100.00,0.05000000,8450.0094,4,27
5707686,135299,O,81640.06,1998-08-01,3-MEDIUM,FURNITURE,8108.28,AFRICA,52.00,0.03500000,2887.2844,2,16
2698529,33931,O,54969.14,1998-08-01,4-NOT SPECIFIED,FURNITURE,9778.22,AFRICA,33.00,0.06000000,3310.0650,1,25
2716099,147245,O,97991.13,1998-08-01,3-MEDIUM,MACHINERY,5186.51,AMERICA,73.00,0.04666667,5276.4857,3,30
2850115,123383,O,258474.46,1998-08-01,5-LOW,HOUSEHOLD,-20.08,MIDDLE EAST,165.00,0.05400000,15410.3493,5,26
1361191,99278,O,176118.58,1998-08-01,3-MEDIUM,BUILDING,-577.52,AMERICA,135.00,0.04200000,6576.2083,5,29
1420064,78880,O,96053.19,1998-08-01,5-LOW,MACHINERY,-109.02,ASIA,53.00,0.06000000,6553.5708,2,18
432227,69241,O,181683.09,1998-08-01,1-URGENT,AUTOMOBILE,12.42,ASIA,135.00,0.07400000,12418.5292,5,29
466310,79184,O,223745.74,1998-08-01,2-HIGH,BUILDING,2171.47,EUROPE,165.00,0.07000000,15743.4750,5,17
3527584,5017,O,224722.26,1998-08-01,3-MEDIUM,HOUSEHOLD,3434.04,EUROPE,121.00,0.05250000,10401.6549,4,27
3349345,144413,O,219666.59,1998-08-01,4-NOT SPECIFIED,FURNITURE,316.25,MIDDLE EAST,143.00,0.07200000,16842.4762,5,24
3869925,76903,O,378379.46,1998-08-01,2-HIGH,AUTOMOBILE,-99.35,MIDDLE EAST,232.00,0.02428571,7666.0156,7,17
4016676,94543,O,198444.42,1998-08-01,3-MEDIUM,HOUSEHOLD,-151.77,MIDDLE EAST,144.00,0.05250000,10335.1701,4,29
708837,92092,O,126967.83,1998-08-01,3-MEDIUM,AUTOMOBILE,4633.40,EUROPE,87.00,0.06000000,7645.5954,2,27
1016384,143857,O,60432.18,1998-08-01,4-NOT SPECIFIED,MACHINERY,1969.07,EUROPE,36.00,0.05000000,3400.9472,2,12
59527,122731,O,237851.23,1998-08-01,1-URGENT,BUILDING,182.85,EUROPE,170.00,0.05571429,13909.6572,7,25
4507872,124561,O,93151.24,1998-08-01,2-HIGH,FURNITURE,-691.70,MIDDLE EAST,69.00,0.03000000,3084.5020,2,24
3956102,80350,O,190154.25,1998-08-01,2-HIGH,AUTOMOBILE,1091.69,ASIA,159.00,0.05000000,12514.7273,6,27
5802529,74785,O,48217.61,1998-08-01,2-HIGH,FURNITURE,6246.90,AMERICA,25.00,0.03000000,1433.9100,1,19
1188359,125620,O,202876.27,1998-08-01,2-HIGH,MACHINERY,9840.19,MIDDLE EAST,142.00,0.04166667,11033.9624,6,26
5395044,134743,O,37178.06,1998-08-01,3-MEDIUM,FURNITURE,7364.33,MIDDLE EAST,25.00,0.02000000,730.7090,3,28
234215,24736,O,36834.07,1998-08-01,1-URGENT,BUILDING,5474.34,AMERICA,20.00,0.08000000,2993.4240,1,5
212006,107365,O,294624.64,1998-08-01,1-URGENT,MACHINERY,7230.10,AMERICA,194.00,0.07000000,22399.4674,7,29
4223041,100370,O,195016.33,1998-08-01,4-NOT SPECIFIED,HOUSEHOLD,4344.61,AMERICA,126.00,0.06666667,9943.8988,6,25
4286022,133807,O,22517.07,1998-08-01,2-HIGH,MACHINERY,9076.19,AFRICA,13.00,0.10000000,2452.8400,1,20
4415552,67694,O,60801.58,1998-08-01,5-LOW,MACHINERY,306.41,EUROPE,36.00,0.02000000,818.2296,2,23
3444390,78188,O,2705.82,1998-08-01,2-HIGH,BUILDING,4118.36,EUROPE,2.00,0.01000000,25.5436,1,30
3516288,56686,O,250699.08,1998-08-01,3-MEDIUM,HOUSEHOLD,2650.62,EUROPE,165.00,0.06500000,12976.4156,6,10
3834661,44227,O,269684.38,1998-08-01,1-URGENT,MACHINERY,632.05,AMERICA,183.00,0.05000000,13775.9393,7,29
5858720,61117,O,430942.94,1998-08-01,3-MEDIUM,AUTOMOBILE,-746.40,EUROPE,245.00,0.05285714,24251.7537,7,29
2822178,59645,O,95546.02,1998-08-01,3-MEDIUM,FURNITURE,8677.71,AMERICA,77.00,0.06000000,8051.2560,3,30
774563,4519,O,245858.33,1998-08-01,4-NOT SPECIFIED,FURNITURE,4296.76,AFRICA,185.00,0.04428571,8757.7731,7,28
3227110,9926,O,210433.94,1998-08-01,3-MEDIUM,MACHINERY,9185.64,ASIA,138.00,0.04600000,9053.4422,5,24
3854240,134743,O,175561.04,1998-08-01,3-MEDIUM,FURNITURE,7364.33,MIDDLE EAST,131.00,0.05200000,9088.4883,5,24
5487172,80275,O,213318.40,1998-08-01,5-LOW,HOUSEHOLD,6747.50,EUROPE,152.00,0.05666667,12334.0489,6,28
5540198,91057,O,247765.10,1998-08-01,2-HIGH,FURNITURE,3500.35,AFRICA,173.00,0.05500000,12099.4249,6,23
5540647,129938,O,119620.77,1998-08-01,1-URGENT,BUILDING,1836.84,AFRICA,78.00,0.04250000,3457.5776,4,30
2479522,97189,O,299901.35,1998-08-01,2-HIGH,AUTOMOBILE,7651.69,AFRICA,207.00,0.06285714,17021.5684,7,30
1645505,36916,O,289104.25,1998-08-01,2-HIGH,HOUSEHOLD,7351.37,AFRICA,182.00,0.06142857,18543.3640,7,30
1628290,37880,O,197111.98,1998-08-01,4-NOT SPECIFIED,FURNITURE,-443.60,AFRICA,138.00,0.03833333,7582.3110,6,27
4959271,54104,O,154893.55,1998-08-01,4-NOT SPECIFIED,HOUSEHOLD,9442.64,AFRICA,88.00,0.08333333,11972.4372,3,23
3296038,26461,O,34169.61,1998-08-01,5-LOW,MACHINERY,3798.06,AMERICA,29.00,0.06500000,2486.6550,2,7
3301090,15859,O,298570.60,1998-08-01,1-URGENT,AUTOMOBILE,5880.10,ASIA,207.00,0.05285714,18826.9862,7,29
1964706,115217,O,84436.28,1998-08-01,2-HIGH,AUTOMOBILE,9197.99,MIDDLE EAST,46.00,0.05666667,4513.1740,3,28
2280837,30413,O,206793.40,1998-08-01,1-URGENT,AUTOMOBILE,5068.55,ASIA,149.00,0.04800000,7536.0998,5,29
4119879,148768,O,206925.42,1998-08-01,3-MEDIUM,AUTOMOBILE,8530.21,EUROPE,134.00,0.07000000,10620.7275,5,30
5588103,79861,O,48285.60,1998-08-01,1-URGENT,MACHINERY,87.50,AFRICA,38.00,0.02000000,862.4640,2,19
2613124,59758,O,177390.18,1998-08-01,1-URGENT,HOUSEHOLD,1213.76,EUROPE,123.00,0.05142857,13179.1770,7,24
2762564,145072,O,183312.42,1998-08-01,5-LOW,HOUSEHOLD,9675.16,MIDDLE EAST,117.00,0.05000000,7654.3651,4,30
865760,7643,O,239075.89,1998-08-01,3-MEDIUM,BUILDING,8352.96,AFRICA,183.00,0.05166667,15861.0732,6,30
1135072,93596,O,75273.99,1998-08-01,3-MEDIUM,BUILDING,2038.78,AMERICA,51.00,0.06000000,4226.1737,3,24
1530564,52471,O,152562.00,1998-08-01,3-MEDIUM,BUILDING,7937.84,ASIA,113.00,0.03500000,7632.3470,4,21
5003395,3284,O,93845.42,1998-08-01,1-URGENT,BUILDING,1138.76,AFRICA,63.00,0.07666667,7786.4352,3,29
5357413,64603,O,251120.30,1998-08-01,1-URGENT,AUTOMOBILE,8875.76,AMERICA,186.00,0.06166667,18226.1065,6,25
187847,35227,O,66487.59,1998-08-01,5-LOW,HOUSEHOLD,1590.12,AMERICA,57.00,0.07333333,5815.2583,3,25
5834304,49828,O,167055.42,1998-08-01,4-NOT SPECIFIED,FURNITURE,333.10,ASIA,105.00,0.07000000,13334.4678,4,29
5209376,3695,O,75990.58,1998-08-01,4-NOT SPECIFIED,FURNITURE,1157.42,ASIA,43.00,0.02333333,2727.5500,3,23
5235173,129910,O,234376.15,1998-08-01,1-URGENT,AUTOMOBILE,1526.91,MIDDLE EAST,189.00,0.03666667,8619.3694,6,24
176228,63194,O,223664.52,1998-08-01,5-LOW,FURNITURE,439.96,MIDDLE EAST,171.00,0.06166667,11720.8926,6,26
3541184,63823,O,52342.51,1998-08-01,2-HIGH,AUTOMOBILE,7140.52,AMERICA,41.00,0.04000000,1925.0480,3,25
3554694,139717,O,134601.93,1998-08-01,1-URGENT,MACHINERY,3738.83,EUROPE,78.00,0.05250000,8031.3448,4,30
1817927,27955,O,124381.84,1998-08-01,2-HIGH,MACHINERY,6540.98,MIDDLE EAST,90.00,0.03200000,4898.2416,5,29
1890213,6383,O,164287.59,1998-08-01,3-MEDIUM,MACHINERY,9130.34,ASIA,132.00,0.05200000,9919.7899,5,19
2383522,96317,O,129519.33,1998-08-01,1-URGENT,MACHINERY,4465.29,AFRICA,97.00,0.08666667,11839.6770,3,23
3836612,72739,O,186567.67,1998-08-01,3-MEDIUM,MACHINERY,5321.06,MIDDLE EAST,128.00,0.04500000,6474.7242,6,24
2917185,125665,O,135971.75,1998-08-01,2-HIGH,AUTOMOBILE,544.19,MIDDLE EAST,105.00,0.03000000,4440.7768,3,28
733376,430,O,98188.10,1998-08-01,4-NOT SPECIFIED,BUILDING,7905.17,AMERICA,64.00,0.07000000,7559.1552,2,26
921216,91729,O,119935.09,1998-08-01,5-LOW,BUILDING,7203.95,ASIA,68.00,0.05500000,6788.9694,2,9
5093345,29332,O,99826.62,1998-08-01,2-HIGH,AUTOMOBILE,5376.74,AFRICA,72.00,0.03400000,1481.7030,5,25
4580965,133099,O,39879.98,1998-08-01,4-NOT SPECIFIED,AUTOMOBILE,8371.24,ASIA,42.00,0.08000000,3366.8208,1,28
3445059,63115,O,137099.89,1998-08-01,4-NOT SPECIFIED,MACHINERY,6700.89,AFRICA,114.00,0.04000000,6084.3966,5,27
2326818,126515,O,358080.05,1998-08-01,4-NOT SPECIFIED,HOUSEHOLD,5327.90,AMERICA,227.00,0.06428571,22470.6788,7,20
5596037,145516,O,270176.39,1998-08-01,4-NOT SPECIFIED,HOUSEHOLD,4189.89,ASIA,197.00,0.05285714,14025.0308,7,27
2647047,36653,O,44975.53,1998-08-01,5-LOW,BUILDING,1259.41,AMERICA,35.00,0.02000000,917.8680,1,1
803943,56383,O,164615.49,1998-08-01,2-HIGH,AUTOMOBILE,1910.98,AFRICA,103.00,0.05000000,8972.6701,4,15
1073413,143086,O,43948.01,1998-08-01,5-LOW,AUTOMOBILE,7107.03,ASIA,29.00,0.04000000,1795.2624,1,15
752293,77765,O,395335.34,1998-08-01,2-HIGH,FURNITURE,8771.00,MIDDLE EAST,244.00,0.06428571,23107.8046,7,25
4690340,124537,O,39505.70,1998-08-01,4-NOT SPECIFIED,HOUSEHOLD,5081.11,EUROPE,26.00,0E-8,0.0000,1,14
4709606,62108,O,190788.12,1998-08-01,3-MEDIUM,BUILDING,3909.84,EUROPE,121.00,0.05166667,8988.4343,6,16
2779302,2798,O,108351.31,1998-08-01,4-NOT SPECIFIED,BUILDING,5658.01,EUROPE,65.00,0.04000000,2240.8672,2,21
1361156,57457,O,231762.66,1998-08-01,2-HIGH,BUILDING,1299.89,EUROPE,160.00,0.03200000,6691.7931,5,15
431425,55565,O,46343.72,1998-08-01,3-MEDIUM,FURNITURE,7999.33,AFRICA,48.00,0.10000000,5098.3200,1,26
4409029,73802,O,295914.69,1998-08-01,1-URGENT,AUTOMOBILE,7636.11,ASIA,204.00,0.05285714,18823.9260,7,30
4789188,46954,O,92091.91,1998-08-01,2-HIGH,AUTOMOBILE,9287.10,AFRICA,71.00,0.02000000,2559.5072,2,30
1939911,87928,O,234521.15,1998-08-01,5-LOW,MACHINERY,3611.41,AFRICA,169.00,0.03800000,9293.9365,5,27
5714017,115597,O,215351.46,1998-08-01,1-URGENT,BUILDING,6887.25,ASIA,139.00,0.07200000,15984.6720,5,28
2513094,21403,O,68973.89,1998-08-01,5-LOW,AUTOMOBILE,2902.88,AMERICA,47.00,0.03000000,1158.5772,2,8
2997126,82267,O,191875.70,1998-08-01,2-HIGH,FURNITURE,3613.84,AFRICA,131.00,0.04333333,7972.5830,3,26
733728,138853,O,192709.11,1998-08-01,1-URGENT,BUILDING,8594.08,EUROPE,123.00,0.05600000,10309.5676,5,26
5168903,72734,O,204566.89,1998-08-01,4-NOT SPECIFIED,HOUSEHOLD,3857.36,EUROPE,150.00,0.07000000,14989.8028,4,24
88485,12004,O,226562.80,1998-08-01,3-MEDIUM,BUILDING,3877.21,AFRICA,147.00,0.02200000,5689.2153,5,29
103683,95716,O,62495.56,1998-08-01,1-URGENT,HOUSEHOLD,1141.47,MIDDLE EAST,38.00,0E-8,0.0000,1,21
2161127,131149,O,195660.57,1998-08-01,1-URGENT,BUILDING,4329.90,MIDDLE EAST,119.00,0.05833333,10505.2866,6,24
4174119,16582,O,46417.50,1998-08-01,3-MEDIUM,HOUSEHOLD,9670.15,AFRICA,28.00,0.08000000,3568.5630,2,11
5790851,62618,O,72613.28,1998-08-01,3-MEDIUM,HOUSEHOLD,7626.12,ASIA,47.00,0.10000000,7988.2610,1,20
2560386,114239,O,97609.53,1998-08-01,2-HIGH,FURNITURE,-754.02,AFRICA,71.00,0.04800000,4998.0061,5,29
2781061,67445,O,168682.27,1998-08-01,5-LOW,MACHINERY,4341.95,AFRICA,117.00,0.06000000,10576.1346,4,21
1402881,76751,O,235885.06,1998-08-01,1-URGENT,MACHINERY,3212.54,ASIA,149.00,0.04500000,13000.8872,4,27
3126721,110495,O,109620.42,1998-08-01,5-LOW,BUILDING,8124.70,MIDDLE EAST,72.00,0.05750000,5505.2272,4,28
4072167,53815,O,52346.45,1998-08-01,1-URGENT,HOUSEHOLD,7530.56,EUROPE,41.00,0.05000000,2649.1125,1,10
4082311,2050,O,145774.56,1998-08-01,5-LOW,BUILDING,5074.43,AFRICA,94.00,0.04500000,6951.3705,2,12
5533411,46241,O,32681.99,1998-08-01,4-NOT SPECIFIED,FURNITURE,8679.94,ASIA,21.00,0.02000000,424.8860,2,24
967651,136480,O,170709.68,1998-08-01,3-MEDIUM,MACHINERY,7056.10,AFRICA,126.00,0.04166667,6348.9467,6,29
1238051,88474,O,228235.08,1998-08-01,2-HIGH,MACHINERY,7359.09,EUROPE,157.00,0.02666667,6934.7959,6,28
4953762,4016,O,215752.71,1998-08-01,1-URGENT,HOUSEHOLD,9610.96,ASIA,141.00,0.03000000,4807.6866,4,30
3396898,52160,O,200538.20,1998-08-01,4-NOT SPECIFIED,MACHINERY,7101.35,AFRICA,140.00,0.07333333,16530.9846,3,24
1913863,130739,O,150067.89,1998-08-01,2-HIGH,BUILDING,-308.68,ASIA,112.00,0.04166667,8332.7893,6,20
3607367,65683,O,149736.53,1998-08-01,4-NOT SPECIFIED,AUTOMOBILE,2175.99,EUROPE,103.00,0.04666667,6271.2884,6,30
3984932,32576,O,188671.27,1998-08-01,1-URGENT,AUTOMOBILE,582.78,EUROPE,116.00,0.05142857,9907.3818,7,25
3965861,8926,O,154689.45,1998-08-01,3-MEDIUM,HOUSEHOLD,7102.32,ASIA,98.00,0.04500000,7401.2313,4,24
5836000,62776,O,89858.31,1998-08-01,5-LOW,BUILDING,9803.59,AFRICA,57.00,0.06333333,6321.1203,3,30
2637251,147563,O,61946.84,1998-08-01,4-NOT SPECIFIED,MACHINERY,7230.79,MIDDLE EAST,36.00,0.04000000,2389.9248,1,7
5009957,103081,O,56283.15,1998-08-01,1-URGENT,BUILDING,638.90,MIDDLE EAST,33.00,0.05500000,3822.2811,2,15
3547712,105359,O,104206.53,1998-08-01,2-HIGH,FURNITURE,4722.66,MIDDLE EAST,59.00,0.04000000,3298.7224,4,25
3327619,109822,O,177775.03,1998-08-01,3-MEDIUM,FURNITURE,8093.98,EUROPE,133.00,0.07500000,12701.0555,4,24
2071302,93464,O,83289.07,1998-08-01,4-NOT SPECIFIED,AUTOMOBILE,568.73,AFRICA,66.00,0.06500000,5511.1810,2,29
3853412,49322,O,142530.85,1998-08-01,4-NOT SPECIFIED,FURNITURE,2182.82,AFRICA,134.00,0.07714286,11521.7292,7,30
4070086,47698,O,220792.12,1998-08-01,1-URGENT,FURNITURE,3444.75,AFRICA,142.00,0.05750000,13550.3364,4,30
5799237,17332,O,66387.08,1998-08-01,1-URGENT,HOUSEHOLD,4442.79,MIDDLE EAST,49.00,0.07500000,3910.6120,2,22
2959974,136373,O,84322.12,1998-08-01,2-HIGH,FURNITURE,772.39,AFRICA,65.00,0.08500000,7551.7300,2,11
950304,142966,O,102483.47,1998-08-01,1-URGENT,AUTOMOBILE,1517.45,MIDDLE EAST,72.00,0.06666667,5404.3272,3,29
961379,446,O,129550.28,1998-08-01,2-HIGH,FURNITURE,9225.60,AMERICA,77.00,0.08333333,10562.5191,3,23
5359426,144122,O,210370.88,1998-08-01,3-MEDIUM,HOUSEHOLD,5043.28,ASIA,142.00,0.07000000,16301.2308,6,29
299398,142112,O,301771.00,1998-08-01,5-LOW,AUTOMOBILE,9260.13,MIDDLE EAST,199.00,0.03428571,11508.3668,7,25
4411040,99643,O,150214.33,1998-08-01,3-MEDIUM,BUILDING,9091.42,AMERICA,83.00,0.04250000,6256.0730,4,28
3058497,97546,O,200822.51,1998-08-01,5-LOW,HOUSEHOLD,2235.22,AFRICA,153.00,0.06000000,15976.4612,6,29
2028576,65260,O,183343.39,1998-08-01,4-NOT SPECIFIED,FURNITURE,9616.62,ASIA,109.00,0.06750000,16214.4812,4,30
3807782,35702,O,301241.13,1998-08-01,4-NOT SPECIFIED,AUTOMOBILE,6710.55,ASIA,178.00,0.04000000,9939.2708,5,23
5749379,71435,O,100395.44,1998-08-01,4-NOT SPECIFIED,MACHINERY,-935.18,ASIA,71.00,0.03666667,1748.8590,3,15
1670981,132011,O,135520.72,1998-08-01,2-HIGH,AUTOMOBILE,6279.95,EUROPE,67.00,0.04500000,5404.8411,2,30
1734757,46882,O,171838.72,1998-08-01,1-URGENT,MACHINERY,2948.63,AMERICA,149.00,0.05833333,11138.3510,6,22
5355428,20104,O,223316.37,1998-08-01,3-MEDIUM,MACHINERY,2497.42,EUROPE,165.00,0.05142857,11728.7263,7,29
331399,79973,O,29115.30,1998-08-01,3-MEDIUM,FURNITURE,231.29,EUROPE,23.00,0.09000000,2716.5438,1,9
4529639,30668,O,171601.93,1998-08-01,2-HIGH,BUILDING,9431.54,EUROPE,115.00,0.03833333,5445.0422,6,25
3017991,104897,O,162261.89,1998-08-01,1-URGENT,MACHINERY,6641.78,MIDDLE EAST,104.00,0.03571429,5854.4743,7,28
3825254,122008,O,330681.26,1998-08-01,4-NOT SPECIFIED,MACHINERY,-848.83,AFRICA,208.00,0.03833333,8508.5917,6,28
2505920,143896,O,138747.00,1998-08-01,3-MEDIUM,FURNITURE,7345.47,MIDDLE EAST,102.00,0.06400000,8847.1122,5,27
2846116,145433,O,184987.00,1998-08-01,5-LOW,FURNITURE,1979.82,AMERICA,132.00,0.03833333,7271.2056,6,26
1097414,106220,O,171216.66,1998-08-01,4-NOT SPECIFIED,MACHINERY,1722.53,AFRICA,110.00,0.06750000,12477.7374,4,29
1139879,68096,O,331331.26,1998-08-01,4-NOT SPECIFIED,HOUSEHOLD,4963.15,AMERICA,223.00,0.04714286,17253.3962,7,28
1454213,124960,O,165523.78,1998-08-01,3-MEDIUM,HOUSEHOLD,7130.56,EUROPE,102.00,0.04142857,7944.4118,7,29
5034918,65407,O,139755.03,1998-08-01,3-MEDIUM,FURNITURE,8913.10,ASIA,94.00,0.01333333,2326.9568,3,16
5393638,99781,O,149876.62,1998-08-01,4-NOT SPECIFIED,MACHINERY,8608.51,AFRICA,98.00,0.08250000,11180.9373,4,29
548870,64885,O,279815.38,1998-08-01,5-LOW,AUTOMOBILE,6459.92,ASIA,178.00,0.06333333,17379.1033,6,23
4448933,109738,O,202343.48,1998-08-01,2-HIGH,MACHINERY,5335.96,ASIA,142.00,0.05333333,8097.2040,6,28
3216166,100474,O,104244.89,1998-08-01,5-LOW,MACHINERY,9484.49,AFRICA,57.00,0E-8,0.0000,2,9
3344932,136591,O,107562.15,1998-08-01,5-LOW,MACHINERY,647.22,AMERICA,69.00,0.03500000,1749.8163,4,24
1885575,21047,O,86636.74,1998-08-01,2-HIGH,FURNITURE,2727.78,AMERICA,55.00,0.07000000,7542.7440,2,23
1931044,60298,O,183701.11,1998-08-01,4-NOT SPECIFIED,HOUSEHOLD,2214.11,AMERICA,107.00,0.06250000,9282.2884,4,15
3619364,57775,O,37436.39,1998-08-01,4-NOT SPECIFIED,MACHINERY,7382.41,ASIA,32.00,0.07000000,1581.0780,2,22
3990560,15013,O,296238.74,1998-08-01,1-URGENT,FURNITURE,8504.61,MIDDLE EAST,223.00,0.05000000,11446.0312,6,18
5583750,31225,O,142311.57,1998-08-01,2-HIGH,HOUSEHOLD,4093.45,MIDDLE EAST,88.00,0.06000000,8654.2548,3,26
5732738,7586,O,262899.54,1998-08-01,1-URGENT,HOUSEHOLD,4278.23,ASIA,168.00,0.06400000,18539.6850,5,30
2496674,46885,O,178048.47,1998-08-01,1-URGENT,BUILDING,4259.32,AMERICA,118.00,0.03000000,4206.6052,4,28
2730086,10537,O,148856.92,1998-08-01,2-HIGH,AUTOMOBILE,5479.51,ASIA,112.00,0.04250000,8683.5969,4,19
1007238,67135,O,6494.81,1998-08-01,5-LOW,FURNITURE,-193.07,MIDDLE EAST,4.00,0.06000000,391.0968,1,4
1061280,17692,O,76067.43,1998-08-01,2-HIGH,AUTOMOBILE,6260.25,ASIA,50.00,0.02500000,1703.1177,2,24
1150502,103784,O,269351.36,1998-08-01,1-URGENT,HOUSEHOLD,4424.92,ASIA,210.00,0.04000000,9084.6871,6,24
1064421,44455,O,93037.43,1998-08-01,2-HIGH,FURNITURE,5874.39,MIDDLE EAST,72.00,0.05000000,3737.1552,6,27
1301408,142736,O,52179.69,1998-08-01,1-URGENT,HOUSEHOLD,2402.40,ASIA,34.00,0.03666667,952.9592,3,25
5062149,23297,O,173762.80,1998-08-01,4-NOT SPECIFIED,FURNITURE,5108.41,MIDDLE EAST,114.00,0.02666667,3877.1111,3,26
129505,117662,O,45911.81,1998-08-01,2-HIGH,BUILDING,2898.35,AMERICA,29.00,0.01000000,433.4166,1,26
547622,99976,O,301135.16,1998-08-01,1-URGENT,BUILDING,9810.58,ASIA,211.00,0.05000000,15900.7823,7,27
3369248,15418,O,338986.28,1998-08-01,5-LOW,MACHINERY,4318.87,AMERICA,268.00,0.06714286,22954.2662,7,21
3483879,44920,O,125069.03,1998-08-01,1-URGENT,HOUSEHOLD,4311.58,EUROPE,100.00,0.04250000,6854.7943,4,26
3696998,53620,O,179957.85,1998-08-01,5-LOW,AUTOMOBILE,3999.85,MIDDLE EAST,103.00,0.03750000,4758.5262,4,27
4146117,116216,O,92374.30,1998-08-01,1-URGENT,BUILDING,4342.86,MIDDLE EAST,57.00,0.04000000,4345.9110,2,22
5828359,99850,O,348497.68,1998-08-01,5-LOW,MACHINERY,2619.06,ASIA,223.00,0.05857143,19855.3611,7,29
5969766,141659,O,327293.67,1998-08-01,2-HIGH,HOUSEHOLD,4417.98,AMERICA,238.00,0.06333333,22901.2030,6,19
5901315,25090,O,78072.19,1998-08-01,2-HIGH,BUILDING,8497.56,MIDDLE EAST,64.00,0.02666667,1565.8578,3,30
698785,91282,O,190250.60,1998-08-01,4-NOT SPECIFIED,FURNITURE,7739.47,ASIA,123.00,0.06000000,11616.2619,4,7
873633,20456,O,200350.68,1998-08-01,1-URGENT,FURNITURE,3304.75,EUROPE,133.00,0.04166667,7464.0399,6,28
4886310,74500,O,189782.05,1998-08-01,4-NOT SPECIFIED,HOUSEHOLD,7217.97,AFRICA,122.00,0.04600000,8031.2843,5,29
4598436,86533,O,216780.23,1998-08-01,4-NOT SPECIFIED,HOUSEHOLD,6000.11,AFRICA,128.00,0.04800000,7990.3674,5,12
3101572,134887,O,132782.86,1998-08-01,1-URGENT,FURNITURE,1769.00,EUROPE,80.00,0.04000000,4301.2606,3,22
3134885,131176,O,260114.72,1998-08-01,4-NOT SPECIFIED,BUILDING,2454.79,AMERICA,159.00,0.04142857,12169.3016,7,29
3526755,16972,O,183849.31,1998-08-01,3-MEDIUM,FURNITURE,6408.66,EUROPE,142.00,0.06000000,12637.2035,7,25
3566784,73193,O,105482.88,1998-08-01,3-MEDIUM,MACHINERY,9010.88,AFRICA,89.00,0.06333333,6768.6806,3,21
1829539,2131,O,91886.18,1998-08-01,4-NOT SPECIFIED,AUTOMOBILE,9257.20,AFRICA,73.00,0.05000000,5018.4805,5,26
1879043,123856,O,95505.05,1998-08-01,2-HIGH,AUTOMOBILE,5176.19,MIDDLE EAST,75.00,0.08400000,8693.0695,5,29
3914177,42466,O,37825.58,1998-08-01,5-LOW,MACHINERY,7944.14,AFRICA,30.00,0.01000000,357.0810,1,14
5709920,77755,O,35239.16,1998-08-01,5-LOW,FURNITURE,7986.57,ASIA,21.00,0.09000000,3416.8554,1,14
2544192,108674,O,134954.22,1998-08-01,1-URGENT,MACHINERY,5969.81,ASIA,84.00,0.08250000,11710.0416,4,27
650374,50614,O,293111.71,1998-08-01,4-NOT SPECIFIED,AUTOMOBILE,8224.26,ASIA,196.00,0.03166667,11139.3842,6,29
834119,62110,O,332109.64,1998-08-01,4-NOT SPECIFIED,HOUSEHOLD,4331.60,EUROPE,186.00,0.04500000,13506.3539,6,30
901511,126730,O,93287.64,1998-08-01,3-MEDIUM,AUTOMOBILE,3379.10,MIDDLE EAST,93.00,0.04000000,3008.4772,3,30
460646,91480,O,237422.99,1998-08-01,2-HIGH,FURNITURE,5825.50,AMERICA,142.00,0.02714286,8082.7119,7,27
4378436,21337,O,95748.00,1998-08-01,3-MEDIUM,MACHINERY,7160.47,ASIA,54.00,0.02000000,2377.2759,2,20
2059010,12682,O,278185.95,1998-08-01,1-URGENT,AUTOMOBILE,3624.28,EUROPE,160.00,0.04000000,9659.5892,7,28
4112099,74686,O,35106.71,1998-08-01,3-MEDIUM,AUTOMOBILE,7542.10,EUROPE,19.00,0.07000000,2565.4769,1,11
712967,3655,O,17213.78,1998-08-01,5-LOW,BUILDING,3722.87,ASIA,12.00,0.08000000,1416.4178,3,26
1433894,29729,O,63849.19,1998-08-01,3-MEDIUM,MACHINERY,9726.94,MIDDLE EAST,48.00,0.04000000,1962.3474,2,6
4863872,126235,O,123557.37,1998-08-01,4-NOT SPECIFIED,MACHINERY,6516.57,AMERICA,101.00,0.06750000,8206.8628,4,25
5156640,89101,O,82399.20,1998-08-01,2-HIGH,FURNITURE,9017.79,AFRICA,48.00,0E-8,0.0000,1,3
5365765,83893,O,159522.42,1998-08-01,5-LOW,BUILDING,7139.12,ASIA,97.00,0.04833333,6600.4556,6,29
5235265,15868,O,143354.43,1998-08-01,4-NOT SPECIFIED,FURNITURE,9123.27,AFRICA,74.00,0.02750000,3917.4685,4,28
3107490,115394,O,184369.15,1998-08-01,3-MEDIUM,FURNITURE,3359.83,AMERICA,111.00,0.03400000,6495.9224,5,14
3203941,53930,O,88475.10,1998-08-01,2-HIGH,MACHINERY,4100.84,MIDDLE EAST,68.00,0.00500000,304.5752,2,20
3481412,49735,O,108451.11,1998-08-01,2-HIGH,BUILDING,179.81,AMERICA,81.00,0.04333333,4813.4399,3,18
1848902,87017,O,64554.38,1998-08-01,2-HIGH,AUTOMOBILE,7801.23,MIDDLE EAST,55.00,0.07666667,5821.1012,3,25
3843460,56444,O,225777.95,1998-08-01,3-MEDIUM,BUILDING,6165.03,AFRICA,148.00,0.03571429,7598.4036,7,29
3902724,146959,O,209277.12,1998-08-01,4-NOT SPECIFIED,BUILDING,-434.95,EUROPE,131.00,0.05750000,12815.1921,4,29
4124867,37498,O,279878.87,1998-08-01,5-LOW,MACHINERY,9605.35,EUROPE,170.00,0.06500000,20663.9081,6,30
4087744,63572,O,103884.27,1998-08-01,2-HIGH,MACHINERY,4772.90,AMERICA,86.00,0.08000000,8496.5674,5,29
2408480,86,O,363272.33,1998-08-01,4-NOT SPECIFIED,HOUSEHOLD,3306.32,AFRICA,223.00,0.02666667,12486.2640,6,25
782053,49504,O,52531.55,1998-08-01,4-NOT SPECIFIED,MACHINERY,1711.40,EUROPE,34.00,0.03000000,1492.9658,3,30
1566277,98077,O,182457.28,1998-08-01,1-URGENT,AUTOMOBILE,6571.21,AMERICA,109.00,0.03833333,6561.1468,6,26
4955810,145549,O,353565.46,1998-08-01,1-URGENT,AUTOMOBILE,972.86,AMERICA,218.00,0.04857143,11813.4009,7,23
4513159,141835,O,59667.33,1998-08-01,3-MEDIUM,BUILDING,954.02,AFRICA,38.00,0E-8,0.0000,1,1
3395009,74947,O,71853.69,1998-08-01,2-HIGH,BUILDING,9802.67,MIDDLE EAST,39.00,0.04000000,3060.4580,3,20
1844038,145136,O,38268.00,1998-08-01,2-HIGH,BUILDING,4638.87,ASIA,29.00,0.06500000,1711.7135,2,26
2145536,69967,O,139810.45,1998-08-01,2-HIGH,AUTOMOBILE,5733.07,AMERICA,81.00,0.02833333,4282.6220,6,24
3630816,90664,O,66637.37,1998-08-01,2-HIGH,MACHINERY,111.13,AFRICA,37.00,0.05000000,3507.2300,1,28
5503143,36742,O,244991.91,1998-08-01,1-URGENT,FURNITURE,6000.33,ASIA,161.00,0.04600000,13107.3593,5,29
5869031,132937,O,60855.96,1998-08-01,4-NOT SPECIFIED,BUILDING,362.32,ASIA,51.00,0.03500000,1483.8903,2,20
2538788,117934,O,60099.96,1998-08-01,4-NOT SPECIFIED,MACHINERY,7635.09,EUROPE,39.00,0.07000000,4478.8653,1,26
823107,75566,O,150900.30,1998-08-01,2-HIGH,FURNITURE,6710.02,AMERICA,97.00,0.03500000,3808.3951,4,28
1142498,95243,O,209559.09,1998-08-01,3-MEDIUM,MACHINERY,2174.32,MIDDLE EAST,151.00,0.05666667,11966.3707,6,29
1337191,77221,O,26752.23,1998-08-01,1-URGENT,FURNITURE,4645.96,EUROPE,16.00,0.03000000,819.1968,1,30
5187171,147631,O,4145.19,1998-08-01,5-LOW,BUILDING,2578.73,MIDDLE EAST,3.00,0.09000000,386.7588,1,14
27588,56479,O,37468.10,1998-08-01,3-MEDIUM,BUILDING,-414.20,AFRICA,22.00,0.03000000,1125.0558,1,28
560675,82771,O,22345.35,1998-08-01,4-NOT SPECIFIED,FURNITURE,4359.43,AFRICA,15.00,0.10000000,2387.3250,1,17
4663300,28240,O,50215.92,1998-08-01,3-MEDIUM,HOUSEHOLD,5553.72,ASIA,48.00,0.02000000,966.8064,1,19
4683206,2500,O,103007.67,1998-08-01,2-HIGH,MACHINERY,3399.16,AFRICA,67.00,0.09000000,10486.2548,3,30
4758819,8263,O,322444.85,1998-08-01,2-HIGH,HOUSEHOLD,1364.22,EUROPE,215.00,0.08142857,26862.3602,7,29
3270149,19429,O,188288.76,1998-08-01,3-MEDIUM,FURNITURE,-21.09,EUROPE,110.00,0.05400000,11979.1587,5,25
3526758,11026,O,102347.01,1998-08-01,1-URGENT,MACHINERY,7738.76,AFRICA,62.00,0.09000000,10929.7282,2,27
2059748,18493,O,193747.78,1998-08-01,4-NOT SPECIFIED,AUTOMOBILE,-805.58,AMERICA,139.00,0.04666667,7839.5504,6,23
1971397,35761,O,86812.41,1998-08-01,4-NOT SPECIFIED,FURNITURE,-987.70,ASIA,57.00,0.06000000,4632.1170,2,21
3690691,42421,O,370307.15,1998-08-01,3-MEDIUM,FURNITURE,3345.84,EUROPE,228.00,0.05333333,22692.2503,6,29
4166692,66359,O,168018.85,1998-08-01,2-HIGH,MACHINERY,7342.49,EUROPE,138.00,0.05500000,7489.1827,6,28
2847842,92162,O,120372.34,1998-08-01,4-NOT SPECIFIED,AUTOMOBILE,3794.16,AFRICA,83.00,0.02666667,3080.8110,3,27
712996,120343,O,125850.70,1998-08-01,3-MEDIUM,FURNITURE,127.55,ASIA,101.00,0.05600000,7610.2809,5,24
1379782,146129,O,74976.03,1998-08-01,4-NOT SPECIFIED,FURNITURE,5196.08,AFRICA,42.00,0.04500000,5343.8940,4,30
1644833,57428,O,37626.75,1998-08-01,2-HIGH,AUTOMOBILE,2951.34,AFRICA,25.00,0E-8,0.0000,1,4
5053092,96419,O,37940.57,1998-08-01,2-HIGH,BUILDING,1662.61,MIDDLE EAST,37.00,0.07666667,3417.7584,3,9
4579042,15983,O,284735.02,1998-08-01,3-MEDIUM,FURNITURE,2031.61,AMERICA,212.00,0.04000000,10951.8149,7,24
3152452,115639,O,257319.39,1998-08-01,1-URGENT,AUTOMOBILE,1584.37,AFRICA,160.00,0.07250000,17592.8654,4,29
3572066,139252,O,246707.12,1998-08-01,1-URGENT,FURNITURE,2865.20,EUROPE,157.00,0.03857143,9655.9801,7,29
1926566,70159,O,223968.27,1998-08-01,1-URGENT,HOUSEHOLD,654.66,ASIA,138.00,0.05000000,13434.3910,7,26
2996260,80824,O,10998.21,1998-08-01,3-MEDIUM,AUTOMOBILE,4716.19,ASIA,10.00,0.05000000,556.5900,1,9
785792,42484,O,148878.97,1998-08-01,2-HIGH,AUTOMOBILE,8169.24,EUROPE,86.00,0.00500000,539.5221,2,30
982503,4979,O,34724.45,1998-08-01,2-HIGH,AUTOMOBILE,7730.83,MIDDLE EAST,22.00,0.09000000,3541.7976,2,30
1500740,91192,O,236468.18,1998-08-01,5-LOW,FURNITURE,8287.84,ASIA,175.00,0.04285714,10167.0456,7,28
4972418,143261,O,285912.65,1998-08-01,4-NOT SPECIFIED,BUILDING,2290.60,MIDDLE EAST,190.00,0.04714286,8376.1066,7,26
5079651,91922,O,186961.96,1998-08-01,2-HIGH,HOUSEHOLD,9348.47,EUROPE,134.00,0.03250000,5367.8697,4,26
5176258,106291,O,101504.45,1998-08-01,2-HIGH,FURNITURE,7158.50,ASIA,62.00,0.05000000,4472.6181,3,28
4202340,14890,O,180900.02,1998-08-01,2-HIGH,HOUSEHOLD,6119.77,AMERICA,108.00,0.04500000,8125.7061,6,25
3145890,66652,O,66833.05,1998-08-01,1-URGENT,BUILDING,2007.90,MIDDLE EAST,50.00,0.05666667,4123.2516,3,29
3259040,146467,O,172687.99,1998-08-01,1-URGENT,MACHINERY,6210.88,AMERICA,133.00,0.05000000,5053.2404,4,30
5701223,146672,O,151071.49,1998-08-01,5-LOW,BUILDING,-435.21,AMERICA,99.00,0.06000000,9408.8962,5,29
914144,8788,O,124541.61,1998-08-01,3-MEDIUM,AUTOMOBILE,8611.21,MIDDLE EAST,88.00,0.03333333,4903.2248,3,26
5322855,64612,O,169955.74,1998-08-01,5-LOW,BUILDING,1872.06,AFRICA,115.00,0.05833333,12677.3190,6,25
76032,137374,O,179494.02,1998-08-01,1-URGENT,AUTOMOBILE,937.94,MIDDLE EAST,115.00,0.04333333,7533.3473,6,30
3436352,9743,O,174563.28,1998-08-01,5-LOW,HOUSEHOLD,7701.76,MIDDLE EAST,132.00,0.05833333,11515.7273,6,23
2214144,11071,O,191359.40,1998-08-01,4-NOT SPECIFIED,BUILDING,4360.08,ASIA,112.00,0.03800000,8074.2224,5,23
2096321,17968,O,219034.35,1998-08-01,1-URGENT,AUTOMOBILE,-920.22,ASIA,130.00,0.06600000,12259.4554,5,26
2305893,34849,O,125794.46,1998-08-01,5-LOW,HOUSEHOLD,5266.35,AFRICA,80.00,0.06250000,7934.2115,4,26
2831938,76342,O,122480.82,1998-08-01,4-NOT SPECIFIED,AUTOMOBILE,5062.73,EUROPE,92.00,0.04750000,6851.4423,4,27
2931938,96088,O,87636.30,1998-08-01,3-MEDIUM,MACHINERY,216.81,MIDDLE EAST,65.00,0.05750000,5346.4320,4,30
1486273,98548,O,68659.67,1998-08-01,4-NOT SPECIFIED,AUTOMOBILE,4886.35,MIDDLE EAST,44.00,0.05333333,4515.7208,3,24
78501,82169,O,154878.82,1998-08-01,5-LOW,FURNITURE,8287.31,MIDDLE EAST,117.00,0.04750000,4576.1718,4,19
2397892,40573,O,58020.33,1998-08-01,2-HIGH,AUTOMOBILE,-376.54,EUROPE,34.00,0.06000000,3461.1456,1,19
2353637,94520,O,358040.95,1998-08-01,4-NOT SPECIFIED,AUTOMOBILE,8957.08,AFRICA,239.00,0.04428571,12556.8364,7,24
5653600,13099,O,169874.56,1998-08-01,4-NOT SPECIFIED,FURNITURE,9037.61,ASIA,108.00,0.03500000,6568.3945,4,28
1451300,42865,O,135258.26,1998-08-01,1-URGENT,FURNITURE,1587.02,AMERICA,104.00,0.03250000,4845.1882,4,30
4906021,55679,O,298749.70,1998-08-01,2-HIGH,AUTOMOBILE,6526.10,MIDDLE EAST,199.00,0.03833333,12318.7671,6,26
4339271,99679,O,291735.39,1998-08-01,1-URGENT,FURNITURE,8264.45,AFRICA,240.00,0.03428571,10794.4876,7,30
3045024,135439,O,287030.61,1998-08-01,5-LOW,MACHINERY,-495.14,MIDDLE EAST,181.00,0.04714286,9399.8306,7,28
3898786,143357,O,27088.11,1998-08-01,5-LOW,HOUSEHOLD,4665.51,EUROPE,17.00,0.04500000,1170.8213,4,18
5609029,149536,O,94456.71,1998-08-01,3-MEDIUM,BUILDING,7985.41,EUROPE,78.00,0.07333333,6232.6530,3,17
2851488,124424,O,358353.23,1998-08-01,4-NOT SPECIFIED,MACHINERY,3756.09,ASIA,225.00,0.04000000,15607.6968,7,28
2954721,88546,O,201714.69,1998-08-01,1-URGENT,MACHINERY,2949.66,AMERICA,147.00,0.04333333,8019.9279,6,22
1320388,100570,O,257181.41,1998-08-01,1-URGENT,MACHINERY,740.70,EUROPE,158.00,0.03333333,7439.9552,6,29
1464288,146560,O,99376.05,1998-08-01,2-HIGH,AUTOMOBILE,517.69,EUROPE,71.00,0.02400000,1175.8652,5,28
4972800,28943,O,10995.69,1998-08-01,1-URGENT,MACHINERY,4249.36,ASIA,9.00,0.02000000,209.7216,1,9
3229409,69821,O,356462.19,1998-08-01,1-URGENT,AUTOMOBILE,3185.35,MIDDLE EAST,239.00,0.06857143,25297.0087,7,30
3465989,35323,O,37388.11,1998-08-01,2-HIGH,FURNITURE,2969.77,ASIA,28.00,0.03500000,1324.4658,2,18
2138695,102923,O,149324.21,1998-08-01,5-LOW,BUILDING,441.15,ASIA,88.00,0.03666667,6590.4008,3,29
2233350,73048,O,183797.73,1998-08-01,4-NOT SPECIFIED,FURNITURE,4987.57,AFRICA,126.00,0.04000000,3266.9658,5,30
5496545,99680,O,40985.67,1998-08-01,5-LOW,AUTOMOBILE,1731.34,MIDDLE EAST,31.00,0.03500000,1938.1662,2,25
2904995,19028,O,92466.45,1998-08-01,4-NOT SPECIFIED,MACHINERY,-965.47,EUROPE,72.00,0.03333333,4965.8852,3,10
677669,119411,O,81327.66,1998-08-01,2-HIGH,BUILDING,3915.29,AFRICA,56.00,0.02333333,1020.4920,3,28
4392965,33658,O,243396.31,1998-08-01,5-LOW,HOUSEHOLD,5122.12,AMERICA,157.00,0.06750000,17822.9708,4,26
3519047,124877,O,209814.24,1998-08-01,3-MEDIUM,HOUSEHOLD,8803.24,AMERICA,115.00,0.05000000,6760.1554,4,23
1932549,75130,O,126890.56,1998-08-01,5-LOW,AUTOMOBILE,3105.80,EUROPE,81.00,0.03500000,3578.8342,4,24
4105890,7987,O,269250.69,1998-08-01,1-URGENT,HOUSEHOLD,8340.38,MIDDLE EAST,213.00,0.03666667,11235.9729,6,30
2811750,18707,O,213442.93,1998-08-01,2-HIGH,HOUSEHOLD,-400.33,MIDDLE EAST,159.00,0.07666667,16263.3266,6,28
660327,128054,O,18628.61,1998-08-01,2-HIGH,HOUSEHOLD,5615.69,ASIA,12.00,0.05500000,897.2898,2,17
1262566,97261,O,93973.72,1998-08-01,4-NOT SPECIFIED,MACHINERY,8032.75,MIDDLE EAST,49.00,0.04000000,3625.5296,1,14
4842402,6766,O,170240.89,1998-08-01,2-HIGH,FURNITURE,4814.57,MIDDLE EAST,108.00,0.04000000,5324.6665,4,21
5229316,9604,O,283545.15,1998-08-01,2-HIGH,AUTOMOBILE,9351.95,ASIA,207.00,0.05714286,15738.9440,7,27
586374,141431,O,31912.33,1998-08-01,2-HIGH,HOUSEHOLD,6090.22,AMERICA,20.00,0.07000000,2378.2220,1,21
4789381,19292,O,208751.17,1998-08-01,4-NOT SPECIFIED,AUTOMOBILE,324.48,AMERICA,189.00,0.04428571,10159.7483,7,30
